gene_id,entrez_id,gene_name,symbol,sample1,sample2,sample3,sample4,sample5,sample6,sample7,sample8,sample9,sample10,sample11,sample12
ENSG00000000003,7105,TSPAN6,TSPAN6,6,2,4,18,11,5,5,6,3,4,4,3
ENSG00000000005,64102,TNMD,TNMD,2,0,0,0,0,4,1,3,0,4,12,8
ENSG00000000419,8813,DPM1,DPM1,28,37,33,35,15,11,101,22,39,21,58,40
ENSG00000000457,57147,SCYL3,SCYL3,41,41,67,33,37,27,61,102,46,60,76,42
ENSG00000000460,55732,C1orf112,C1orf112,4,5,4,0,1,0,0,3,0,1,0,1
ENSG00000000938,2268,FGR,FGR,0,0,0,0,0,0,0,1,0,1,0,0
ENSG00000000971,3075,CFH,CFH,0,13,10,1,2,6,0,8,4,5,4,3
ENSG00000001036,2519,FUCA2,FUCA2,2,2,3,10,14,10,5,25,3,6,11,2
ENSG00000001084,2729,GCLC,GCLC,39,44,31,134,55,122,60,34,31,77,32,34
ENSG00000001167,4800,NFYA,NFYA,1,2,0,0,0,1,4,27,9,1,0,1
ENSG00000001460,90529,STPG1,STPG1,0,3,2,0,2,2,1,5,0,4,0,4
ENSG00000001461,57185,NIPAL3,NIPAL3,1,5,6,4,1,7,28,13,7,6,0,2
ENSG00000001497,81887,LAS1L,LAS1L,41,81,73,33,127,86,85,83,38,111,73,61
ENSG00000001561,22875,ENPP4,ENPP4,6,6,4,7,3,7,0,2,8,9,2,9
ENSG00000001617,6405,SEMA3F,SEMA3F,36,32,26,35,25,36,20,15,18,26,54,27
ENSG00000001626,1080,CFTR,CFTR,200,224,333,305,376,279,346,405,280,359,322,369
ENSG00000001629,54467,ANKIB1,ANKIB1,9,19,15,44,15,8,2,15,12,15,17,5
ENSG00000001630,1595,CYP51A1,CYP51A1,9,0,6,27,8,6,4,3,7,9,8,7
ENSG00000001631,889,KRIT1,KRIT1,2,1,3,2,2,0,0,1,4,4,0,2
ENSG00000002016,5893,RAD52,RAD52,10,21,12,51,1,14,36,13,18,2,12,5
ENSG00000002079,84176,MYH16,MYH16,5,2,0,6,3,0,1,8,2,1,5,0
ENSG00000002330,572,BAD,BAD,22,16,5,5,6,14,26,4,18,6,17,22
ENSG00000002549,51056,LAP3,LAP3,0,2,15,5,5,0,3,14,3,0,6,1
ENSG00000002586,4267,CD99,CD99,7,6,0,3,0,3,1,0,6,2,13,0
ENSG00000002587,9957,HS3ST1,HS3ST1,82,137,59,80,64,70,111,129,113,150,107,65
ENSG00000002726,26,AOC1,AOC1,14,7,10,9,10,21,18,16,25,14,31,42
ENSG00000002745,51384,WNT16,WNT16,19,11,5,9,28,19,16,21,32,9,23,18
ENSG00000002746,23072,HECW1,HECW1,32,41,52,21,30,26,42,40,79,48,36,34
ENSG00000002822,8379,MAD1L1,MAD1L1,67,163,173,130,105,98,170,60,63,130,141,135
ENSG00000002834,3927,LASP1,LASP1,34,14,27,35,18,26,16,14,42,16,32,22
ENSG00000002919,29916,SNX11,SNX11,37,25,32,20,37,11,27,13,26,38,33,8
ENSG00000002933,55365,TMEM176A,TMEM176A,57,71,25,8,52,31,29,43,51,43,21,24
ENSG00000003056,4074,M6PR,M6PR,23,9,11,23,31,13,34,19,28,36,28,48
ENSG00000003096,90293,KLHL13,KLHL13,55,13,67,25,24,52,41,17,70,20,33,68
ENSG00000003137,56603,CYP26B1,CYP26B1,28,19,33,15,26,30,30,23,47,40,35,40
ENSG00000003147,3382,ICA1,ICA1,114,74,63,71,45,28,53,121,125,76,67,81
ENSG00000003249,79007,DBNDD1,DBNDD1,133,108,53,45,91,174,85,106,73,81,38,36
ENSG00000003393,57679,ALS2,ALS2,16,4,14,2,2,9,12,8,10,2,0,0
ENSG00000003400,843,CASP10,CASP10,33,13,52,12,5,47,18,20,7,5,8,6
ENSG00000003402,8837,CFLAR,CFLAR,2,11,13,7,4,3,11,25,13,3,1,10
ENSG00000003436,7035,TFPI,TFPI,2,3,25,13,9,17,9,12,9,17,23,9
ENSG00000003509,55471,NDUFAF7,NDUFAF7,64,44,69,43,36,12,26,90,19,31,36,41
ENSG00000003756,10181,RBM5,RBM5,155,125,158,72,85,108,117,235,151,207,150,204
ENSG00000003987,9108,MTMR7,MTMR7,13,36,22,9,2,27,5,8,31,22,29,18
ENSG00000003989,6542,SLC7A2,SLC7A2,105,68,102,70,85,114,83,81,91,82,65,36
ENSG00000004059,381,ARF5,ARF5,28,8,10,28,2,27,6,16,54,10,27,13
ENSG00000004139,23098,SARM1,SARM1,21,7,45,11,7,21,12,13,9,3,23,15
ENSG00000004142,26073,POLDIP2,POLDIP2,51,7,11,9,24,15,19,8,6,25,26,16
ENSG00000004399,23129,PLXND1,PLXND1,166,229,269,229,381,388,245,179,190,195,165,185
ENSG00000004455,204,AK2,AK2,14,9,4,10,3,4,24,12,5,8,1,9
ENSG00000004468,952,CD38,CD38,65,43,55,76,29,35,75,68,73,47,85,40
ENSG00000004478,2288,FKBP4,FKBP4,5,0,4,2,0,1,11,2,3,5,0,0
ENSG00000004487,23028,KDM1A,KDM1A,22,26,23,24,24,37,39,42,50,25,46,43
ENSG00000004534,10180,RBM6,RBM6,361,85,185,232,133,138,192,179,195,151,134,201
ENSG00000004660,84254,CAMKK1,CAMKK1,10,3,16,1,2,8,17,3,0,7,0,5
ENSG00000004700,5965,RECQL,RECQL,7,9,22,3,8,4,8,4,12,7,0,19
ENSG00000004766,55610,CCDC132,CCDC132,0,0,5,3,0,6,1,3,9,0,1,0
ENSG00000004776,126393,HSPB6,HSPB6,5,2,1,6,2,3,13,8,8,6,7,3
ENSG00000004777,115703,ARHGAP33,ARHGAP33,8,11,6,1,3,17,3,8,9,16,27,9
ENSG00000004779,4706,NDUFAB1,NDUFAB1,0,3,6,3,5,3,8,1,5,8,1,6
ENSG00000004799,5166,PDK4,PDK4,7,24,21,28,16,13,24,13,19,30,41,27
ENSG00000004809,85413,SLC22A16,SLC22A16,1083,2860,1889,1840,1514,2144,2127,1900,1579,1627,1530,836
ENSG00000004838,51364,ZMYND10,ZMYND10,11,7,6,8,15,2,4,4,26,27,10,13
ENSG00000004846,340273,ABCB5,ABCB5,5,4,3,6,11,11,8,6,1,0,4,34
ENSG00000004848,170302,ARX,ARX,0,0,0,0,2,0,0,0,0,0,2,0
ENSG00000004864,10165,SLC25A13,SLC25A13,26,26,29,30,14,6,10,6,28,27,15,23
ENSG00000004866,102466616,ST7,ST7,6,1,7,12,0,6,1,1,7,3,7,1
ENSG00000004897,996,CDC27,CDC27,41,51,110,41,69,45,99,78,41,29,76,49
ENSG00000004939,6521,SLC4A1,SLC4A1,10,3,3,2,0,11,8,1,2,0,13,6
ENSG00000004948,799,CALCR,CALCR,67,27,42,36,51,73,94,113,48,74,94,102
ENSG00000004961,3052,HCCS,HCCS,11,7,14,20,11,6,21,21,28,8,2,7
ENSG00000004975,1856,DVL2,DVL2,32,10,26,54,39,25,28,61,25,32,45,10
ENSG00000005001,64063,PRSS22,PRSS22,13,36,17,3,44,15,32,47,24,13,9,18
ENSG00000005007,5976,UPF1,UPF1,43,25,64,29,102,68,35,35,48,24,30,53
ENSG00000005020,8935,SKAP2,SKAP2,3,5,8,3,1,1,2,11,0,0,5,9
ENSG00000005022,292,SLC25A5,SLC25A5,55,43,26,119,96,27,55,72,34,81,97,63
ENSG00000005059,55013,CCDC109B,CCDC109B,0,18,1,9,2,3,3,1,5,3,1,10
ENSG00000005073,3207,HOXA11,HOXA11,0,13,2,0,0,13,0,3,2,18,3,11
ENSG00000005075,5439,POLR2J,POLR2J,5,3,8,12,40,8,7,15,7,5,14,5
ENSG00000005100,56919,DHX33,DHX33,4,0,10,1,0,2,0,4,0,3,4,1
ENSG00000005102,4222,MEOX1,MEOX1,139,94,112,102,65,63,131,81,89,99,113,112
ENSG00000005108,221981,THSD7A,THSD7A,12,19,49,29,28,50,29,41,54,29,32,28
ENSG00000005156,3980,LIG3,LIG3,4,8,4,6,14,32,13,25,29,30,15,11
ENSG00000005175,79657,RPAP3,RPAP3,14,4,6,5,10,4,0,0,0,0,0,7
ENSG00000005187,6296,ACSM3,ACSM3,4,7,49,25,38,24,6,14,26,11,21,6
ENSG00000005189,81691,AC004381.6,AC004381.6,88,47,54,36,34,93,51,29,27,79,38,32
ENSG00000005194,57019,CIAPIN1,CIAPIN1,185,193,170,279,220,126,187,111,87,183,198,175
ENSG00000005206,NA,SPPL2B,SPPL2B,11,8,14,20,47,4,15,16,35,30,25,17
ENSG00000005238,80256,FAM214B,FAM214B,2,8,2,27,35,0,7,9,18,11,7,18
ENSG00000005243,51226,COPZ2,COPZ2,13,23,19,20,31,18,16,39,20,25,42,9
ENSG00000005249,5577,PRKAR2B,PRKAR2B,43,172,52,145,114,164,92,168,96,68,197,209
ENSG00000005302,10943,MSL3,MSL3,0,2,1,3,1,4,1,0,0,0,0,3
ENSG00000005339,1387,CREBBP,CREBBP,158,94,85,64,82,118,71,49,24,108,54,115
ENSG00000005379,9256,BZRAP1,BZRAP1,4,3,4,3,16,9,10,22,0,2,3,6
ENSG00000005381,4353,MPO,MPO,0,0,0,0,1,0,0,0,0,0,0,0
ENSG00000005421,5444,PON1,PON1,1,8,4,1,10,3,3,1,1,6,3,4
ENSG00000005436,6936,GCFC2,GCFC2,102,63,65,86,78,78,146,128,57,78,108,132
ENSG00000005448,84058,WDR54,WDR54,1,4,8,0,0,16,0,5,2,1,9,8
ENSG00000005469,54677,CROT,CROT,3,1,8,10,12,5,3,2,5,14,12,6
ENSG00000005471,5244,ABCB4,ABCB4,28,32,47,43,41,27,34,19,18,36,40,45
ENSG00000005483,55904,KMT2E,KMT2E,7,6,7,5,3,3,0,1,7,5,2,2
ENSG00000005486,57414,RHBDD2,RHBDD2,24,14,11,21,31,14,30,28,17,13,8,7
ENSG00000005513,30812,SOX8,SOX8,53,30,25,17,22,25,59,16,32,41,37,10
ENSG00000005700,25998,IBTK,IBTK,0,9,0,0,3,12,0,0,0,2,0,1
ENSG00000005801,7748,ZNF195,ZNF195,6,46,2,3,12,30,14,20,26,14,13,27
ENSG00000005810,23077,MYCBP2,MYCBP2,51,91,78,16,45,106,44,44,119,84,92,56
ENSG00000005812,26224,FBXL3,FBXL3,29,19,22,9,9,7,18,21,27,14,12,2
ENSG00000005844,3683,ITGAL,ITGAL,34,4,13,7,6,36,18,38,32,7,34,27
ENSG00000005882,5164,PDK2,PDK2,13,25,19,20,16,17,3,26,18,28,4,14
ENSG00000005884,3675,ITGA3,ITGA3,24,23,17,24,15,20,13,28,8,27,8,10
ENSG00000005889,7543,ZFX,ZFX,7,3,3,1,0,21,3,2,9,0,3,3
ENSG00000005893,3920,LAMP2,LAMP2,20,12,32,12,14,39,6,22,31,49,18,41
ENSG00000005955,79893,GGNBP2,GGNBP2,20,34,37,17,10,15,11,6,13,19,8,16
ENSG00000005961,3674,ITGA2B,ITGA2B,7,12,8,14,7,22,2,18,40,48,20,11
ENSG00000005981,51666,ASB4,ASB4,26,8,20,66,55,30,43,35,25,30,55,19
ENSG00000006007,51573,GDE1,GDE1,39,110,91,52,78,162,44,67,88,69,73,118
ENSG00000006015,55049,C19orf60,C19orf60,4,13,4,12,0,18,1,0,8,6,3,2
ENSG00000006016,9244,CRLF1,CRLF1,2,20,1,3,11,5,0,0,0,10,3,0
ENSG00000006025,114881,OSBPL7,OSBPL7,2,20,13,11,15,18,5,5,4,5,16,41
ENSG00000006042,26022,TMEM98,TMEM98,53,56,71,58,121,103,67,151,143,80,64,135
ENSG00000006047,51087,YBX2,YBX2,11,32,12,32,21,27,31,18,16,23,25,40
ENSG00000006059,3883,KRT33A,KRT33A,663,439,649,722,1446,340,338,1231,614,1059,459,652
ENSG00000006062,NA,MAP3K14,MAP3K14,15,3,8,4,0,0,7,10,0,5,8,2
ENSG00000006071,6833,ABCC8,ABCC8,101,158,225,201,239,186,171,289,197,228,245,179
ENSG00000006074,6362,CCL18,CCL18,95,112,65,85,49,77,79,50,88,86,58,79
ENSG00000006075,6348,CCL3,CCL3,96,62,55,44,95,44,63,61,171,86,115,105
ENSG00000006114,11276,SYNRG,SYNRG,2,0,0,16,8,4,2,2,2,2,10,1
ENSG00000006116,10368,CACNG3,CACNG3,50,39,43,73,34,14,56,77,25,71,42,70
ENSG00000006118,54972,TMEM132A,TMEM132A,2,4,9,6,31,16,0,2,4,0,3,1
ENSG00000006125,163,AP2B1,AP2B1,0,0,0,4,0,0,0,0,0,0,0,0
ENSG00000006128,6863,TAC1,TAC1,21,62,52,74,123,46,40,59,30,43,44,122
ENSG00000006194,283876,ZNF263,ZNF263,13,7,13,9,19,2,2,12,23,22,5,14
ENSG00000006210,6376,CX3CL1,CX3CL1,18,71,81,22,28,87,39,36,56,48,64,29
ENSG00000006282,64847,SPATA20,SPATA20,7,1,1,5,0,2,6,4,0,16,1,2
ENSG00000006283,8913,CACNA1G,CACNA1G,33,44,25,10,14,16,7,16,20,7,21,23
ENSG00000006327,51330,TNFRSF12A,TNFRSF12A,88,213,94,117,106,96,152,132,162,168,47,143
ENSG00000006377,1750,DLX6,DLX6,8,9,0,0,6,4,1,0,1,8,3,0
ENSG00000006432,4293,MAP3K9,MAP3K9,46,56,42,52,78,48,31,28,43,37,48,54
ENSG00000006451,5898,RALA,RALA,47,16,19,15,25,44,36,26,11,34,22,25
ENSG00000006453,55971,BAIAP2L1,BAIAP2L1,31,15,18,18,14,46,16,25,38,15,34,20
ENSG00000006459,80853,KDM7A,KDM7A,62,87,52,70,70,84,66,44,59,41,85,147
ENSG00000006468,2115,ETV1,ETV1,91,74,53,121,60,64,135,95,142,101,106,29
ENSG00000006530,55750,AGK,AGK,22,14,27,31,58,15,32,33,20,21,34,3
ENSG00000006534,221,ALDH3B1,ALDH3B1,0,3,1,7,4,1,4,2,0,1,8,0
ENSG00000006555,55001,TTC22,TTC22,68,101,77,58,75,77,80,79,63,160,150,62
ENSG00000006576,57157,PHTF2,PHTF2,43,9,7,31,7,19,87,34,12,35,32,21
ENSG00000006606,10344,CCL26,CCL26,1,0,0,3,2,0,0,5,0,0,1,3
ENSG00000006607,9855,FARP2,FARP2,5,6,2,8,2,4,0,6,17,1,4,2
ENSG00000006611,10083,USH1C,USH1C,3,7,1,3,12,3,9,5,1,9,0,22
ENSG00000006625,79017,GGCT,GGCT,0,4,0,0,0,0,1,0,0,0,2,6
ENSG00000006634,10926,DBF4,DBF4,56,43,42,48,97,111,51,55,50,43,56,38
ENSG00000006638,6915,TBXA2R,TBXA2R,35,30,21,54,38,10,32,18,32,21,25,18
ENSG00000006652,3475,IFRD1,IFRD1,1,0,4,2,6,0,12,2,3,4,0,4
ENSG00000006659,56891,LGALS14,LGALS14,0,0,0,2,0,0,0,0,2,0,0,0
ENSG00000006695,1352,COX10,COX10,0,20,6,1,4,4,0,6,0,0,14,4
ENSG00000006704,9569,GTF2IRD1,GTF2IRD1,35,62,64,79,106,62,36,76,29,59,38,73
ENSG00000006712,54623,PAF1,PAF1,40,14,39,30,28,13,30,48,9,23,28,27
ENSG00000006715,27072,VPS41,VPS41,16,30,9,56,20,15,10,12,15,38,27,11
ENSG00000006740,9912,ARHGAP44,ARHGAP44,691,283,404,416,617,257,604,475,430,349,462,585
ENSG00000006744,60528,ELAC2,ELAC2,7,15,1,8,0,4,2,10,5,5,1,9
ENSG00000006747,85477,SCIN,SCIN,9,10,21,37,14,35,27,9,10,9,39,11
ENSG00000006756,414,ARSD,ARSD,6,5,13,27,5,8,25,20,2,13,8,15
ENSG00000006757,8228,PNPLA4,PNPLA4,3,17,19,3,5,8,0,0,11,1,7,14
ENSG00000006788,8735,MYH13,MYH13,0,1,1,5,1,7,4,0,6,1,0,0
ENSG00000006831,79602,ADIPOR2,ADIPOR2,9,11,28,11,21,9,13,8,8,56,8,8
ENSG00000006837,51265,CDKL3,CDKL3,27,21,16,11,59,80,41,20,30,35,28,37
ENSG00000007001,151531,UPP2,UPP2,16,9,34,17,30,37,14,18,9,34,27,21
ENSG00000007038,10942,PRSS21,PRSS21,1,4,1,3,2,5,0,10,0,18,0,9
ENSG00000007047,57787,MARK4,MARK4,51,47,68,58,69,29,62,55,85,61,39,43
ENSG00000007062,8842,PROM1,PROM1,4,0,0,11,5,1,0,6,0,0,0,0
ENSG00000007080,115098,CCDC124,CCDC124,14,6,13,40,14,33,13,14,4,33,14,33
ENSG00000007129,90273,CEACAM21,CEACAM21,62,51,73,88,49,65,59,51,26,97,90,77
ENSG00000007168,5048,PAFAH1B1,PAFAH1B1,34,11,5,15,40,31,12,43,13,20,19,34
ENSG00000007171,4843,NOS2,NOS2,12,7,5,16,19,24,9,11,23,21,39,9
ENSG00000007174,1770,DNAH9,DNAH9,36,33,38,28,33,8,11,46,39,15,35,24
ENSG00000007202,9703,KIAA0100,KIAA0100,1,27,12,2,2,6,14,3,7,5,1,12
ENSG00000007216,9058,SLC13A2,SLC13A2,4,1,3,2,3,0,4,0,12,3,9,4
ENSG00000007237,8522,GAS7,GAS7,7,7,9,11,0,16,4,7,2,13,10,0
ENSG00000007255,79090,TRAPPC6A,TRAPPC6A,44,45,22,31,36,22,37,34,14,8,52,32
ENSG00000007264,4145,MATK,MATK,11,38,18,16,34,44,35,28,25,40,23,18
ENSG00000007306,1087,CEACAM7,CEACAM7,8,8,28,14,8,22,8,37,17,21,9,7
ENSG00000007312,974,CD79B,CD79B,24,5,5,9,1,3,8,6,0,6,3,5
ENSG00000007314,6329,SCN4A,SCN4A,21,84,32,15,40,23,33,42,37,20,29,33
ENSG00000007341,54879,ST7L,ST7L,2,6,29,5,2,14,7,6,13,25,13,19
ENSG00000007350,8277,TKTL1,TKTL1,0,4,6,3,10,1,0,6,4,0,3,0
ENSG00000007372,5080,PAX6,PAX6,8,14,11,19,7,20,20,15,23,13,35,9
ENSG00000007376,113000,RPUSD1,RPUSD1,12,13,6,37,10,12,18,16,15,6,11,17
ENSG00000007384,64285,RHBDF1,RHBDF1,7,4,1,2,4,5,6,13,20,23,5,4
ENSG00000007392,55692,LUC7L,LUC7L,2,6,6,15,14,3,8,7,7,11,5,11
ENSG00000007402,9254,CACNA2D2,CACNA2D2,3,3,14,4,12,1,9,12,2,4,2,5
ENSG00000007516,8938,BAIAP3,BAIAP3,19,28,22,38,35,22,52,9,17,37,26,43
ENSG00000007520,115939,TSR3,TSR3,17,2,1,11,4,6,1,24,3,27,7,23
ENSG00000007541,9091,PIGQ,PIGQ,42,31,45,43,23,71,63,30,40,52,37,35
ENSG00000007545,57585,CRAMP1L,CRAMP1L,281,125,89,254,108,297,218,306,307,99,298,258
ENSG00000007866,7005,TEAD3,TEAD3,0,0,0,0,2,0,0,0,0,0,0,0
ENSG00000007908,6401,SELE,SELE,178,220,179,144,120,156,274,229,350,182,201,312
ENSG00000007923,55735,DNAJC11,DNAJC11,105,85,93,57,43,45,86,94,25,64,40,73
ENSG00000007933,2328,FMO3,FMO3,111,182,160,199,171,275,159,98,220,144,179,154
ENSG00000007944,29116,MYLIP,MYLIP,34,21,12,13,7,4,32,8,14,22,29,12
ENSG00000007952,27035,NOX1,NOX1,0,0,0,0,0,0,14,0,0,1,0,0
ENSG00000007968,1870,E2F2,E2F2,15,9,9,5,5,13,5,10,11,2,13,13
ENSG00000008018,5689,PSMB1,PSMB1,20,45,57,70,68,38,44,23,29,86,66,30
ENSG00000008056,6853,SYN1,SYN1,16,12,14,37,19,23,21,33,24,42,30,6
ENSG00000008083,3720,JARID2,JARID2,1,2,25,3,6,25,5,12,8,15,4,16
ENSG00000008086,6792,CDKL5,CDKL5,35,10,12,3,7,19,8,28,7,1,10,17
ENSG00000008118,57172,CAMK1G,CAMK1G,42,21,48,65,41,50,40,8,47,51,32,37
ENSG00000008128,728642,CDK11A,CDK11A,0,16,1,0,1,4,0,3,10,3,17,10
ENSG00000008130,65220,NADK,NADK,12,39,6,27,7,23,33,8,31,8,15,14
ENSG00000008196,7021,TFAP2B,TFAP2B,3,6,3,2,10,15,9,13,7,18,30,31
ENSG00000008197,83741,TFAP2D,TFAP2D,10,5,26,25,3,8,9,11,22,8,8,16
ENSG00000008226,9940,DLEC1,DLEC1,50,65,25,28,18,20,41,78,41,20,28,14
ENSG00000008256,9265,CYTH3,CYTH3,103,140,123,122,87,103,102,59,74,88,142,94
ENSG00000008277,53616,ADAM22,ADAM22,11,29,32,19,9,5,7,7,12,15,3,17
ENSG00000008282,6856,SYPL1,SYPL1,56,127,57,124,61,80,131,104,40,101,91,231
ENSG00000008283,1534,CYB561,CYB561,49,25,45,31,33,25,8,19,13,44,9,15
ENSG00000008294,9043,SPAG9,SPAG9,12,12,5,8,5,14,10,7,39,12,8,12
ENSG00000008300,1951,CELSR3,CELSR3,13,27,14,1,18,13,11,9,9,12,11,12
ENSG00000008311,10157,AASS,AASS,276,181,176,290,293,224,195,203,160,151,465,267
ENSG00000008323,55200,PLEKHG6,PLEKHG6,3,4,10,23,55,16,13,2,23,20,0,1
ENSG00000008324,51188,SS18L2,SS18L2,184,291,136,111,153,144,280,132,149,188,353,122
ENSG00000008382,84954,MPND,MPND,85,250,42,65,60,162,154,168,120,154,86,52
ENSG00000008394,4257,MGST1,MGST1,16,3,8,3,10,27,23,7,0,11,5,10
ENSG00000008405,1407,CRY1,CRY1,9,1,11,8,10,2,0,10,2,4,3,24
ENSG00000008438,8993,PGLYRP1,PGLYRP1,4,3,0,3,3,0,2,0,0,0,0,0
ENSG00000008441,4784,NFIX,NFIX,72,151,76,62,152,132,105,135,54,71,71,132
ENSG00000008513,6482,ST3GAL1,ST3GAL1,1,7,7,10,16,3,23,11,5,2,8,4
ENSG00000008516,64386,MMP25,MMP25,2,2,3,2,3,0,2,2,1,0,2,0
ENSG00000008517,9235,IL32,IL32,6,4,16,6,9,29,10,3,0,10,0,15
ENSG00000008710,101930075,PKD1,PKD1,0,0,0,0,0,0,0,0,0,0,0,0
ENSG00000008735,23542,MAPK8IP2,MAPK8IP2,0,4,0,2,0,0,0,1,10,9,8,1
ENSG00000008838,102466757,MED24,MED24,74,77,85,18,55,56,25,47,87,100,83,10
ENSG00000008853,23221,RHOBTB2,RHOBTB2,98,34,53,46,53,39,34,42,51,57,34,37
ENSG00000008869,54497,HEATR5B,HEATR5B,105,52,44,74,71,46,72,63,131,53,37,64
ENSG00000008952,7095,SEC62,SEC62,53,83,25,100,114,47,78,50,57,34,73,15
ENSG00000008988,26795,RPS20,RPS20,79,54,60,46,23,43,47,31,40,62,86,76
ENSG00000009307,7812,CSDE1,CSDE1,0,1,1,4,5,0,1,2,10,1,3,1
ENSG00000009335,9690,UBE3C,UBE3C,24,13,36,24,37,19,29,19,42,35,43,16
ENSG00000009413,5980,REV3L,REV3L,10,17,11,3,11,5,12,19,1,8,9,9
ENSG00000009694,10178,TENM1,TENM1,9,29,33,33,21,20,12,34,19,49,34,14
ENSG00000009709,5081,PAX7,PAX7,73,115,70,42,25,79,23,54,109,27,32,65
ENSG00000009724,10747,MASP2,MASP2,3,1,3,4,2,10,6,0,2,3,9,7
ENSG00000009765,389434,IYD,IYD,3,8,3,32,7,8,3,18,9,28,1,0
ENSG00000009780,199870,FAM76A,FAM76A,3,3,2,0,0,3,0,14,3,2,0,0
ENSG00000009790,80342,TRAF3IP3,TRAF3IP3,34,38,45,21,57,64,11,31,27,69,37,14
ENSG00000009830,29954,POMT2,POMT2,10,5,3,7,9,6,9,3,0,4,25,7
ENSG00000009844,51534,VTA1,VTA1,0,5,6,6,4,2,2,3,3,10,4,4
ENSG00000009950,51085,MLXIPL,MLXIPL,2,2,8,1,2,1,0,5,0,0,0,2
ENSG00000009954,9031,BAZ1B,BAZ1B,2,1,0,8,0,0,0,0,0,1,0,0
ENSG00000010017,10048,RANBP9,RANBP9,7,9,9,0,10,9,0,26,5,11,4,49
ENSG00000010030,51513,ETV7,ETV7,11,19,29,10,10,10,15,5,19,29,8,22
ENSG00000010072,83932,SPRTN,SPRTN,17,15,9,1,26,23,18,5,22,4,12,8
ENSG00000010165,51603,METTL13,METTL13,147,335,386,273,241,190,311,265,269,89,193,336
ENSG00000010219,8798,DYRK4,DYRK4,107,92,81,166,129,182,64,73,138,140,92,83
ENSG00000010244,7756,ZNF207,ZNF207,17,9,6,16,10,2,6,7,10,17,13,10
ENSG00000010256,7384,UQCRC1,UQCRC1,8,2,2,4,5,3,4,7,0,16,6,2
ENSG00000010270,83930,STARD3NL,STARD3NL,5,43,25,8,27,13,15,24,22,3,19,53
ENSG00000010278,928,CD9,CD9,178,85,138,126,160,154,120,187,230,69,272,208
ENSG00000010282,57467,HHATL,HHATL,0,2,0,1,2,1,0,2,0,2,0,1
ENSG00000010292,9918,NCAPD2,NCAPD2,31,4,11,33,23,8,4,13,21,8,6,7
ENSG00000010295,25900,IFFO1,IFFO1,8,8,21,27,9,29,11,10,15,15,9,24
ENSG00000010310,2696,GIPR,GIPR,16,26,20,18,18,36,40,13,7,28,37,19
ENSG00000010318,51533,PHF7,PHF7,2,1,5,0,15,12,18,5,2,4,3,6
ENSG00000010319,56920,SEMA3G,SEMA3G,0,1,2,6,0,18,0,6,3,1,1,3
ENSG00000010322,11188,NISCH,NISCH,54,54,52,54,123,65,81,106,48,73,34,65
ENSG00000010327,23166,STAB1,STAB1,8,22,1,1,0,18,13,6,0,1,3,2
ENSG00000010361,80199,FUZ,FUZ,74,124,62,134,209,123,131,137,211,146,150,106
ENSG00000010379,6540,SLC6A13,SLC6A13,44,22,22,3,23,5,39,40,10,15,7,25
ENSG00000010404,3423,IDS,IDS,5,8,4,13,5,13,5,7,6,11,7,0
ENSG00000010438,5646,PRSS3,PRSS3,343,256,309,214,215,219,234,144,239,216,184,151
ENSG00000010539,7752,ZNF200,ZNF200,26,41,34,16,9,11,29,26,41,38,27,13
ENSG00000010610,920,CD4,CD4,15,29,19,26,78,36,36,38,16,47,22,23
ENSG00000010626,10233,LRRC23,LRRC23,5,1,7,13,5,18,8,15,5,19,16,13
ENSG00000010671,695,BTK,BTK,25,14,31,30,28,23,28,20,3,11,49,22
ENSG00000010704,3077,HFE,HFE,7,23,0,5,3,3,1,6,9,11,9,6
ENSG00000010803,22955,SCMH1,SCMH1,51,52,56,85,86,28,61,61,58,97,48,51
ENSG00000010810,2534,FYN,FYN,8,3,3,6,8,1,4,10,5,19,1,0
ENSG00000010818,3097,HIVEP2,HIVEP2,41,23,12,30,20,35,26,19,12,7,15,11
ENSG00000010932,2326,FMO1,FMO1,16,8,23,3,2,0,14,1,3,16,5,15
ENSG00000011007,6924,TCEB3,TCEB3,4,7,6,0,0,19,0,4,2,0,5,0
ENSG00000011009,11313,LYPLA2,LYPLA2,4,1,0,1,2,21,10,1,0,7,3,1
ENSG00000011021,1185,CLCN6,CLCN6,282,267,122,316,181,331,164,149,124,194,274,274
ENSG00000011028,9902,MRC2,MRC2,41,81,46,30,26,47,65,70,111,61,60,52
ENSG00000011052,654364,NME2,NME2,3,4,2,3,1,12,8,10,8,0,11,0
ENSG00000011083,6534,SLC6A7,SLC6A7,67,93,99,55,145,107,115,64,120,88,91,57
ENSG00000011105,10867,TSPAN9,TSPAN9,382,440,150,281,328,320,263,215,495,293,295,251
ENSG00000011114,55727,BTBD7,BTBD7,6,0,9,7,14,8,8,10,18,0,0,7
ENSG00000011132,9546,APBA3,APBA3,14,41,17,8,27,11,8,27,30,13,2,13
ENSG00000011143,54903,MKS1,MKS1,2,12,22,4,9,17,8,8,6,17,31,7
ENSG00000011198,51099,ABHD5,ABHD5,9,3,4,8,2,13,0,0,2,21,7,19
ENSG00000011201,3730,KAL1,KAL1,19,2,2,2,1,1,6,2,6,7,1,3
ENSG00000011243,26993,AKAP8L,AKAP8L,9,1,0,5,6,7,1,1,4,4,0,6
ENSG00000011258,54799,MBTD1,MBTD1,25,6,13,13,18,5,14,16,39,28,41,15
ENSG00000011260,51096,UTP18,UTP18,14,11,8,28,10,13,8,35,36,3,9,21
ENSG00000011275,54476,RNF216,RNF216,3,4,12,4,4,22,4,16,10,14,7,11
ENSG00000011295,54902,TTC19,TTC19,28,8,15,34,56,19,40,10,28,24,19,45
ENSG00000011304,100616459,PTBP1,PTBP1,47,18,96,41,25,73,54,26,51,31,22,50
ENSG00000011332,8193,DPF1,DPF1,204,266,792,417,439,483,516,773,268,371,360,574
ENSG00000011347,9066,SYT7,SYT7,3,8,12,6,5,5,3,4,12,13,5,7
ENSG00000011376,23395,LARS2,LARS2,9,0,3,1,0,0,2,8,0,0,2,0
ENSG00000011405,5286,PIK3C2A,PIK3C2A,86,23,59,27,22,33,118,98,53,41,15,28
ENSG00000011422,5329,PLAUR,PLAUR,28,47,33,11,56,22,29,59,7,23,16,24
ENSG00000011426,54443,ANLN,ANLN,0,6,0,3,0,2,1,0,1,3,0,6
ENSG00000011451,58525,WIZ,WIZ,1,10,3,5,20,10,6,17,47,5,15,4
ENSG00000011454,23637,RABGAP1,RABGAP1,4,0,2,0,0,0,0,3,0,0,4,6
ENSG00000011465,1634,DCN,DCN,7,1,21,1,5,0,2,4,14,3,1,16
ENSG00000011478,54814,QPCTL,QPCTL,1,2,0,1,17,5,1,3,1,3,6,3
ENSG00000011485,5536,PPP5C,PPP5C,46,68,44,33,31,11,67,42,46,31,36,15
ENSG00000011523,23177,CEP68,CEP68,49,42,14,39,71,52,52,34,33,35,74,36
ENSG00000011566,8491,MAP4K3,MAP4K3,9,3,9,7,15,50,13,13,20,10,11,4
ENSG00000011590,27033,ZBTB32,ZBTB32,26,2,7,13,7,6,5,11,4,21,8,2
ENSG00000011600,7305,TYROBP,TYROBP,30,41,118,135,144,63,76,65,91,70,66,53
ENSG00000011638,57146,TMEM159,TMEM159,6,10,19,0,3,1,5,0,4,2,1,3
ENSG00000011677,2556,GABRA3,GABRA3,8,8,5,4,8,1,7,3,9,1,4,14
ENSG00000012048,672,BRCA1,BRCA1,25,11,31,15,23,32,29,12,33,29,20,20
ENSG00000012061,2067,ERCC1,ERCC1,12,45,59,60,52,27,15,34,24,54,41,65
ENSG00000012124,933,CD22,CD22,14,10,22,6,20,9,30,10,5,24,11,21
ENSG00000012171,102465526,SEMA3B,SEMA3B,19,46,16,21,46,58,24,31,22,25,45,19
ENSG00000012174,51360,MBTPS2,MBTPS2,2,2,2,1,10,3,0,6,2,2,1,0
ENSG00000012211,4007,PRICKLE3,PRICKLE3,18,23,13,9,3,3,12,9,3,2,17,13
ENSG00000012223,4057,LTF,LTF,24,20,11,47,60,62,19,51,49,23,19,41
ENSG00000012232,2137,EXTL3,EXTL3,14,11,11,6,9,22,25,6,15,8,7,10
ENSG00000012504,9971,NR1H4,NR1H4,16,7,5,12,18,24,11,11,22,23,12,8
ENSG00000012660,60481,ELOVL5,ELOVL5,7,36,33,51,9,41,14,14,36,19,10,34
ENSG00000012779,240,ALOX5,ALOX5,65,75,160,59,62,105,107,50,108,115,107,63
ENSG00000012817,8284,KDM5D,KDM5D,12,30,0,17,10,2,1,7,8,14,0,12
ENSG00000012822,57658,CALCOCO1,CALCOCO1,74,72,54,90,57,49,132,46,45,115,83,76
ENSG00000012963,55148,UBR7,UBR7,14,6,14,23,12,8,2,17,19,8,33,18
ENSG00000012983,11183,MAP4K5,MAP4K5,0,4,0,0,1,1,1,0,1,1,0,1
ENSG00000013016,30845,EHD3,EHD3,25,4,21,37,22,28,10,24,28,37,47,34
ENSG00000013275,5704,PSMC4,PSMC4,1,0,0,0,0,0,0,0,0,0,2,0
ENSG00000013288,23324,MAN2B2,MAN2B2,0,0,0,0,0,0,1,0,0,0,0,1
ENSG00000013293,57709,SLC7A14,SLC7A14,30,67,60,40,13,38,12,89,33,40,28,42
ENSG00000013297,5010,CLDN11,CLDN11,95,17,48,42,39,40,12,66,19,58,46,30
ENSG00000013306,51629,SLC25A39,SLC25A39,48,16,32,19,15,16,24,25,8,15,17,33
ENSG00000013364,9961,MVP,MVP,1,0,1,0,0,1,2,1,1,4,0,0
ENSG00000013374,51667,NUB1,NUB1,0,4,2,0,0,2,1,3,1,0,1,0
ENSG00000013375,5238,PGM3,PGM3,51,72,45,105,59,20,55,28,58,24,55,55
ENSG00000013392,112611,RWDD2A,RWDD2A,23,37,60,23,11,18,60,34,14,26,34,44
ENSG00000013441,1195,CLK1,CLK1,28,35,22,24,22,15,16,36,19,20,14,8
ENSG00000013503,55703,POLR3B,POLR3B,39,26,61,13,45,21,36,39,33,34,27,24
ENSG00000013523,23357,ANGEL1,ANGEL1,5,0,2,5,1,1,1,2,6,12,8,5
ENSG00000013561,9604,RNF14,RNF14,0,4,4,4,11,18,7,1,3,2,26,6
ENSG00000013563,1774,DNASE1L1,DNASE1L1,25,56,44,29,91,95,32,46,39,45,59,13
ENSG00000013573,1663,DDX11,DDX11,14,50,33,46,57,34,63,58,53,38,22,15
ENSG00000013583,50865,HEBP1,HEBP1,122,31,50,167,40,70,55,78,135,35,142,112
ENSG00000013588,9052,GPRC5A,GPRC5A,16,10,10,3,18,25,22,15,6,3,18,15
ENSG00000013619,10046,MAMLD1,MAMLD1,8,38,27,55,38,26,42,47,45,37,33,40
ENSG00000013725,923,CD6,CD6,4,32,6,7,18,18,20,3,6,23,5,9
ENSG00000013810,10460,TACC3,TACC3,10,12,19,24,24,19,22,7,35,3,28,19
ENSG00000014123,23376,UFL1,UFL1,29,3,4,2,3,0,2,1,10,14,3,6
ENSG00000014138,23649,POLA2,POLA2,10,1,0,0,5,0,0,5,1,2,12,1
ENSG00000014164,23144,ZC3H3,ZC3H3,49,41,60,59,53,85,70,39,109,15,61,55
ENSG00000014216,823,CAPN1,CAPN1,5,17,6,6,12,8,3,14,14,35,27,14
ENSG00000014257,55,ACPP,ACPP,468,640,591,451,404,937,366,326,504,463,560,424
ENSG00000014641,4190,MDH1,MDH1,244,119,85,100,145,221,188,137,124,188,128,224
ENSG00000014824,10463,SLC30A9,SLC30A9,2,4,2,4,1,2,9,6,1,3,5,13
ENSG00000014914,10903,MTMR11,MTMR11,12,8,0,7,8,18,0,14,9,1,2,8
ENSG00000014919,1355,COX15,COX15,8,9,24,2,3,16,18,10,2,14,1,14
ENSG00000015133,440193,CCDC88C,CCDC88C,12,2,9,4,29,0,6,6,2,14,3,4
ENSG00000015153,10138,YAF2,YAF2,20,35,19,12,28,38,17,11,48,51,16,22
ENSG00000015171,10771,ZMYND11,ZMYND11,18,0,1,0,2,1,1,0,1,0,1,1
ENSG00000015285,7454,WAS,WAS,17,27,11,23,34,31,24,37,9,15,31,44
ENSG00000015413,1800,DPEP1,DPEP1,23,14,14,35,20,35,28,12,17,35,23,42
ENSG00000015475,637,BID,BID,65,52,73,153,129,105,106,54,120,91,58,78
ENSG00000015479,724102,MATR3,MATR3,9,3,0,0,0,0,0,0,0,2,1,4
ENSG00000015520,29881,NPC1L1,NPC1L1,5,14,3,24,7,5,8,8,15,5,4,5
ENSG00000015532,64132,XYLT2,XYLT2,41,40,19,35,38,14,21,27,27,37,28,52
ENSG00000015568,729540,RGPD5,RGPD5,505,1103,1162,800,1307,1110,917,682,1196,1398,1401,1524
ENSG00000015592,81551,STMN4,STMN4,0,6,3,0,2,0,2,1,1,6,0,7
ENSG00000015676,23386,NUDCD3,NUDCD3,0,0,0,3,0,0,0,0,1,0,1,0
ENSG00000016082,3670,ISL1,ISL1,1,21,4,3,4,0,4,11,0,0,3,3
ENSG00000016391,55349,CHDH,CHDH,1,0,3,0,2,3,27,0,2,2,6,0
ENSG00000016402,53832,IL20RA,IL20RA,34,37,53,38,39,33,69,63,63,46,30,24
ENSG00000016490,1179,CLCA1,CLCA1,37,3,0,8,8,12,6,14,8,8,3,10
ENSG00000016602,22802,CLCA4,CLCA4,80,92,21,43,17,65,74,49,27,51,15,60
ENSG00000016864,55830,GLT8D1,GLT8D1,0,0,0,5,0,3,0,4,0,0,0,2
ENSG00000017260,27032,ATP2C1,ATP2C1,8,37,4,8,10,5,12,15,10,8,7,13
ENSG00000017373,101929513,SRCIN1,SRCIN1,24,7,8,0,13,2,10,1,7,7,8,11
ENSG00000017427,3479,IGF1,IGF1,3,5,28,16,11,9,25,40,6,20,7,9
ENSG00000017483,92745,SLC38A5,SLC38A5,18,23,2,30,12,8,6,25,11,51,5,14
ENSG00000017621,79917,MAGIX,MAGIX,29,7,36,46,33,14,33,41,41,68,30,73
ENSG00000017797,10928,RALBP1,RALBP1,5,29,0,2,0,6,6,8,3,0,9,2
ENSG00000018189,22902,RUFY3,RUFY3,10,20,9,12,15,31,5,28,21,46,14,4
ENSG00000018236,1272,CNTN1,CNTN1,45,41,65,81,97,57,40,76,124,50,104,59
ENSG00000018280,6556,SLC11A1,SLC11A1,1,7,9,2,1,2,2,0,4,4,6,3
ENSG00000018408,25937,WWTR1,WWTR1,0,1,0,0,5,7,0,3,0,0,0,0
ENSG00000018510,8540,AGPS,AGPS,9,8,5,14,8,11,2,9,11,2,11,20
ENSG00000018607,NA,ZNF806,ZNF806,10,45,22,42,33,21,46,30,32,19,21,12
ENSG00000018610,63932,CXorf56,CXorf56,2,3,29,10,0,11,1,26,1,0,0,11
ENSG00000018625,477,ATP1A2,ATP1A2,3,2,2,3,6,5,11,2,3,8,8,5
ENSG00000018699,55622,TTC27,TTC27,1,0,0,0,1,1,1,0,7,1,0,0
ENSG00000018869,147948,ZNF582,ZNF582,119,269,182,224,69,132,97,177,189,68,123,89
ENSG00000019102,23584,VSIG2,VSIG2,7,0,3,0,0,2,0,4,0,4,0,10
ENSG00000019144,102466719,PHLDB1,PHLDB1,22,4,29,15,10,7,7,21,0,3,20,17
ENSG00000019169,8685,MARCO,MARCO,2,2,5,2,16,9,6,6,7,4,0,1
ENSG00000019186,1591,CYP24A1,CYP24A1,14,0,0,5,1,0,0,2,1,0,0,3
ENSG00000019485,101060179,PRDM11,PRDM11,5,13,7,1,2,0,1,3,1,14,5,0
ENSG00000019505,57586,SYT13,SYT13,106,83,92,64,73,73,116,71,76,78,92,57
ENSG00000019549,6591,SNAI2,SNAI2,0,10,8,1,9,9,4,6,6,15,5,20
ENSG00000019582,972,CD74,CD74,79,22,83,34,87,26,39,53,44,33,86,42
ENSG00000019991,3082,HGF,HGF,5,6,0,5,3,8,4,3,5,4,9,6
ENSG00000019995,54764,ZRANB1,ZRANB1,11,14,3,0,20,4,14,1,3,11,6,5
ENSG00000020129,23154,NCDN,NCDN,45,4,15,38,52,33,41,21,38,19,33,56
ENSG00000020181,25960,GPR124,GPR124,88,49,52,89,113,79,128,44,106,31,61,99
ENSG00000020219,NA,CCT8L1P,CCT8L1P,45,53,45,75,71,63,46,25,55,44,26,34
ENSG00000020256,55734,ZFP64,ZFP64,278,243,548,453,447,608,341,288,601,427,437,528
ENSG00000020426,4331,MNAT1,MNAT1,10,1,5,6,6,0,4,1,0,1,3,2
ENSG00000020577,23034,SAMD4A,SAMD4A,13,7,13,7,13,8,10,12,4,10,4,27
ENSG00000020633,864,RUNX3,RUNX3,12,0,3,30,4,0,24,14,4,28,20,14
ENSG00000020922,4361,MRE11A,MRE11A,10,11,5,1,4,12,11,7,0,22,7,7
ENSG00000021300,58473,PLEKHB1,PLEKHB1,7,19,9,17,29,17,9,10,4,2,3,9
ENSG00000021355,1992,SERPINB1,SERPINB1,36,60,73,61,46,37,32,61,34,65,11,39
ENSG00000021461,64816,CYP3A43,CYP3A43,12,15,11,11,20,22,23,12,20,13,1,9
ENSG00000021488,11136,SLC7A9,SLC7A9,62,101,100,149,97,89,41,93,66,40,56,64
ENSG00000021574,6683,SPAST,SPAST,10,22,0,13,1,9,0,6,3,2,1,1
ENSG00000021645,9369,NRXN3,NRXN3,2,0,7,6,0,0,1,1,0,0,0,0
ENSG00000021762,114879,OSBPL5,OSBPL5,378,286,454,422,367,344,448,371,249,387,397,236
ENSG00000021776,9716,AQR,AQR,36,83,31,41,76,97,37,45,67,54,64,44
ENSG00000021826,1373,CPS1,CPS1,8,6,7,2,4,0,8,18,4,9,9,3
ENSG00000021852,732,C8B,C8B,108,109,109,101,116,57,101,77,142,54,126,74
ENSG00000022267,2273,FHL1,FHL1,10,2,8,11,4,4,2,13,22,14,22,0
ENSG00000022277,51507,RTFDC1,RTFDC1,61,29,47,46,37,26,24,11,32,40,21,32
ENSG00000022355,2554,GABRA1,GABRA1,19,8,13,14,27,2,16,18,7,2,12,16
ENSG00000022556,55655,NLRP2,NLRP2,0,1,1,2,0,5,6,4,2,2,1,0
ENSG00000022567,57210,SLC45A4,SLC45A4,18,72,46,25,43,28,42,15,24,27,49,45
ENSG00000022840,9921,RNF10,RNF10,72,38,54,51,12,24,38,71,39,62,49,26
ENSG00000022976,55778,ZNF839,ZNF839,98,67,41,44,114,78,30,41,38,36,46,62
ENSG00000023041,64429,ZDHHC6,ZDHHC6,0,5,2,0,0,4,0,0,1,0,0,1
ENSG00000023171,57476,GRAMD1B,GRAMD1B,2,5,0,3,14,3,3,2,2,1,7,3
ENSG00000023191,6050,RNH1,RNH1,33,26,51,29,52,39,20,21,35,24,20,42
ENSG00000023228,4719,NDUFS1,NDUFS1,8,34,12,19,16,8,32,22,9,14,9,5
ENSG00000023287,9821,RB1CC1,RB1CC1,1,0,3,10,0,1,0,1,0,3,12,5
ENSG00000023318,23071,ERP44,ERP44,79,44,115,65,99,67,57,52,73,35,34,27
ENSG00000023330,211,ALAS1,ALAS1,5,0,10,1,21,6,7,6,14,11,12,26
ENSG00000023445,330,BIRC3,BIRC3,28,34,17,29,39,26,47,32,20,7,69,15
ENSG00000023516,11215,AKAP11,AKAP11,65,12,57,67,90,47,41,16,49,27,50,29
ENSG00000023572,51022,GLRX2,GLRX2,102,57,99,44,75,71,68,99,68,87,61,65
ENSG00000023608,6617,SNAPC1,SNAPC1,0,0,2,1,0,1,0,1,0,0,6,0
ENSG00000023697,51071,DERA,DERA,86,90,66,61,30,28,44,30,80,80,50,91
ENSG00000023734,11171,STRAP,STRAP,22,43,29,75,18,60,44,63,57,42,53,56
ENSG00000023839,1244,ABCC2,ABCC2,3,47,28,18,23,8,9,8,24,16,11,21
ENSG00000023892,50619,DEF6,DEF6,4,10,0,6,10,30,1,14,5,21,3,1
ENSG00000023902,51177,PLEKHO1,PLEKHO1,1,4,0,7,0,0,2,0,0,1,0,2
ENSG00000023909,2730,GCLM,GCLM,9,1,8,7,14,21,23,11,9,17,21,1
ENSG00000024048,23304,UBR2,UBR2,72,64,102,73,124,23,69,111,131,164,47,46
ENSG00000024422,30846,EHD2,EHD2,17,17,20,31,40,25,36,53,50,16,49,32
ENSG00000024526,55635,DEPDC1,DEPDC1,41,10,16,73,53,46,63,55,44,30,74,31
ENSG00000024862,25901,CCDC28A,CCDC28A,43,61,26,42,38,26,74,65,47,14,58,43
ENSG00000025039,58528,RRAGD,RRAGD,29,10,23,30,16,16,11,15,33,22,11,38
ENSG00000025156,3298,HSF2,HSF2,85,24,28,45,78,58,47,75,61,70,48,58
ENSG00000025293,51230,PHF20,PHF20,39,43,42,30,16,38,32,61,34,19,46,20
ENSG00000025423,8630,HSD17B6,HSD17B6,6,4,3,18,9,1,4,12,0,35,8,8
ENSG00000025434,10062,NR1H3,NR1H3,0,0,0,2,0,2,0,2,1,2,0,0
ENSG00000025708,1890,TYMP,TYMP,30,26,37,27,51,31,30,42,40,18,44,55
ENSG00000025770,29781,NCAPH2,NCAPH2,16,23,24,13,8,12,31,26,11,26,10,47
ENSG00000025772,10953,TOMM34,TOMM34,41,88,47,58,32,60,88,74,58,80,54,52
ENSG00000025796,11231,SEC63,SEC63,29,15,1,8,0,3,7,19,16,9,11,11
ENSG00000025800,23633,KPNA6,KPNA6,42,25,50,87,23,106,54,63,66,15,41,48
ENSG00000026025,7431,VIM,VIM,38,8,19,17,12,20,3,8,32,20,8,6
ENSG00000026036,NA,RTEL1-TNFRSF6B,RTEL1-TNFRSF6B,0,1,1,8,24,2,0,0,5,21,0,2
ENSG00000026103,355,FAS,FAS,22,11,8,0,3,0,3,6,4,7,2,0
ENSG00000026297,8635,RNASET2,RNASET2,47,39,67,29,34,61,40,29,59,42,39,40
ENSG00000026508,960,CD44,CD44,12,27,12,12,8,5,1,16,20,2,14,8
ENSG00000026559,3755,KCNG1,KCNG1,46,46,55,79,100,34,49,38,37,50,61,80
ENSG00000026652,56895,AGPAT4,AGPAT4,5,0,1,2,9,0,5,1,2,4,1,17
ENSG00000026751,57823,SLAMF7,SLAMF7,6,1,1,15,5,27,14,8,12,16,5,12
ENSG00000026950,11119,BTN3A1,BTN3A1,82,93,170,230,143,151,133,173,87,124,116,86
ENSG00000027001,4285,MIPEP,MIPEP,55,27,16,12,41,11,23,54,23,41,60,14
ENSG00000027075,5583,PRKCH,PRKCH,3,4,2,2,1,11,0,8,2,7,0,1
ENSG00000027644,3645,INSRR,INSRR,53,54,62,79,47,61,64,71,31,36,29,65
ENSG00000027697,3459,IFNGR1,IFNGR1,5,6,2,10,15,11,4,11,2,0,11,1
ENSG00000027847,11285,B4GALT7,B4GALT7,82,59,44,31,16,40,28,63,28,23,67,43
ENSG00000027869,9047,SH2D2A,SH2D2A,38,21,39,47,24,57,29,32,56,21,49,77
ENSG00000028116,101927261,VRK2,VRK2,1,0,3,2,7,0,1,6,1,1,1,0
ENSG00000028137,7133,TNFRSF1B,TNFRSF1B,320,476,500,621,296,282,375,415,508,386,327,467
ENSG00000028203,55591,VEZT,VEZT,6,14,4,10,1,0,0,2,8,3,8,2
ENSG00000028277,5452,POU2F2,POU2F2,11,117,62,60,80,38,51,39,31,55,39,42
ENSG00000028310,65980,BRD9,BRD9,7,6,2,9,9,10,13,10,4,15,8,6
ENSG00000028528,6642,SNX1,SNX1,3,0,4,0,0,0,0,0,0,5,1,0
ENSG00000028839,9519,TBPL1,TBPL1,0,0,1,11,5,1,0,3,8,1,0,5
ENSG00000029153,56938,ARNTL2,ARNTL2,4,17,6,8,0,5,2,0,3,9,0,4
ENSG00000029363,9774,BCLAF1,BCLAF1,20,51,37,38,32,52,34,65,60,24,22,8
ENSG00000029364,55334,SLC39A9,SLC39A9,160,165,109,151,183,227,157,99,98,299,105,205
ENSG00000029534,286,ANK1,ANK1,11,1,9,0,1,1,0,0,2,0,4,0
ENSG00000029559,3381,IBSP,IBSP,28,78,49,82,50,63,40,31,41,27,60,54
ENSG00000029639,51106,TFB1M,TFB1M,5,12,38,0,6,0,12,4,7,3,23,5
ENSG00000029725,9135,RABEP1,RABEP1,20,40,16,16,12,30,8,25,20,15,2,4
ENSG00000029993,3149,HMGB3,HMGB3,134,100,143,240,238,211,96,167,226,126,95,226
ENSG00000030066,23279,NUP160,NUP160,29,14,37,31,22,26,21,22,35,48,34,20
ENSG00000030110,578,BAK1,BAK1,7,25,5,14,25,29,22,28,26,12,13,13
ENSG00000030304,4593,MUSK,MUSK,5,2,8,3,0,7,3,1,21,0,4,13
ENSG00000030419,22807,IKZF2,IKZF2,44,12,12,20,3,2,23,17,19,31,15,27
ENSG00000030582,2896,GRN,GRN,1,5,10,4,0,3,1,0,4,1,11,4
ENSG00000031003,51306,FAM13B,FAM13B,14,10,2,4,0,0,0,12,2,0,0,1
ENSG00000031081,57514,ARHGAP31,ARHGAP31,35,35,43,23,40,60,47,30,38,44,72,52
ENSG00000031544,NA,NR2E3,NR2E3,36,29,50,42,44,18,35,33,31,29,20,67
ENSG00000031691,55166,CENPQ,CENPQ,24,12,10,33,5,6,12,10,10,46,21,23
ENSG00000031698,6301,SARS,SARS,0,0,0,0,0,0,0,0,0,0,0,0
ENSG00000031823,8498,RANBP3,RANBP3,160,125,132,180,165,196,108,120,114,85,79,150
ENSG00000032219,5926,ARID4A,ARID4A,15,5,8,7,17,10,8,19,16,15,14,34
ENSG00000032389,7260,TSSC1,TSSC1,2,12,5,12,3,0,7,4,0,4,10,9
ENSG00000032444,10908,PNPLA6,PNPLA6,95,35,31,9,25,24,21,18,14,33,42,71
ENSG00000032742,8100,IFT88,IFT88,0,0,0,0,0,1,1,0,0,0,1,0
ENSG00000033011,100507589,ALG1,ALG1,48,92,66,128,127,78,53,47,91,85,36,70
ENSG00000033030,55596,ZCCHC8,ZCCHC8,94,65,98,97,274,145,157,98,65,217,100,96
ENSG00000033050,10061,ABCF2,ABCF2,32,41,7,18,22,57,18,15,11,52,9,36
ENSG00000033100,54480,CHPF2,CHPF2,1,5,10,4,4,11,12,1,12,8,6,4
ENSG00000033122,57554,LRRC7,LRRC7,8,12,14,13,12,4,11,16,6,1,10,6
ENSG00000033170,2530,FUT8,FUT8,11,1,8,4,12,7,1,2,5,5,0,17
ENSG00000033178,55236,UBA6,UBA6,112,196,132,174,157,149,87,90,134,53,60,80
ENSG00000033327,9846,GAB2,GAB2,32,41,24,25,45,28,28,51,38,28,19,18
ENSG00000033627,535,ATP6V0A1,ATP6V0A1,13,14,33,23,22,10,14,40,13,9,59,19
ENSG00000033800,8554,PIAS1,PIAS1,14,23,0,11,6,3,7,8,2,6,11,16
ENSG00000033867,9497,SLC4A7,SLC4A7,156,236,93,109,107,221,112,76,186,112,90,221
ENSG00000034053,321,APBA2,APBA2,8,20,0,3,5,1,14,2,3,13,7,12
ENSG00000034063,NA,UHRF1,UHRF1,96,153,49,75,74,79,93,116,106,142,115,90
ENSG00000034152,100996792,MAP2K3,MAP2K3,4,0,2,15,0,0,9,6,7,4,1,16
ENSG00000034239,79645,EFCAB1,EFCAB1,99,146,66,99,127,75,110,79,108,146,79,48
ENSG00000034510,9168,TMSB10,TMSB10,26,60,44,44,39,74,98,84,56,41,51,79
ENSG00000034533,28990,ASTE1,ASTE1,32,31,15,22,52,31,58,25,25,14,51,57
ENSG00000034677,25897,RNF19A,RNF19A,1,0,2,3,2,0,1,11,12,7,2,1
ENSG00000034693,8504,PEX3,PEX3,11,2,20,18,9,5,10,17,15,29,19,13
ENSG00000034713,11345,GABARAPL2,GABARAPL2,10,4,4,1,4,0,39,16,10,2,24,11
ENSG00000034971,4653,MYOC,MYOC,99,97,102,82,41,74,140,31,102,148,85,94
ENSG00000035115,26751,SH3YL1,SH3YL1,2,5,3,0,8,5,18,3,13,7,3,13
ENSG00000035141,100287852,FAM136A,FAM136A,145,126,101,86,91,82,117,173,96,25,131,90
ENSG00000035403,7414,VCL,VCL,6,8,2,0,1,0,1,2,1,1,3,0
ENSG00000035499,55789,DEPDC1B,DEPDC1B,3,2,3,5,8,2,6,4,0,9,10,10
ENSG00000035664,23604,DAPK2,DAPK2,6,2,7,10,7,5,4,3,6,4,6,7
ENSG00000035681,8439,NSMAF,NSMAF,108,143,124,221,61,95,62,165,141,104,127,105
ENSG00000035687,159,ADSS,ADSS,68,31,45,69,47,105,55,50,50,19,29,22
ENSG00000035720,26228,STAP1,STAP1,21,27,12,27,42,43,50,30,33,19,25,56
ENSG00000035862,7077,TIMP2,TIMP2,2,2,0,1,6,0,1,4,1,0,1,11
ENSG00000035928,5981,RFC1,RFC1,8,4,2,1,9,3,4,14,0,0,9,1
ENSG00000036054,55773,TBC1D23,TBC1D23,16,35,40,27,14,24,23,48,40,60,57,35
ENSG00000036257,8452,CUL3,CUL3,0,0,0,0,0,0,0,0,0,0,0,0
ENSG00000036448,9172,MYOM2,MYOM2,191,93,175,155,124,39,134,129,83,105,48,94
ENSG00000036473,5009,OTC,OTC,10,20,6,23,15,3,18,10,21,1,6,8
ENSG00000036530,10858,CYP46A1,CYP46A1,0,0,0,0,0,1,8,0,3,4,0,1
ENSG00000036549,26009,ZZZ3,ZZZ3,50,53,76,70,93,31,97,52,56,65,67,52
ENSG00000036565,6570,SLC18A1,SLC18A1,35,38,63,39,29,47,49,14,49,21,38,32
ENSG00000036672,9099,USP2,USP2,12,1,2,16,15,1,2,4,9,5,16,2
ENSG00000036828,846,CASR,CASR,7,1,7,9,13,7,14,8,4,8,3,9
ENSG00000037042,27175,TUBG2,TUBG2,0,30,19,1,4,1,6,6,0,5,20,16
ENSG00000037241,51121,RPL26L1,RPL26L1,14,16,19,29,11,10,4,35,24,6,34,11
ENSG00000037280,2324,FLT4,FLT4,757,778,788,1162,1046,1021,788,718,918,938,804,798
ENSG00000037474,54888,NSUN2,NSUN2,17,3,11,3,6,6,25,8,6,2,25,3
ENSG00000037637,54455,FBXO42,FBXO42,11,9,27,23,10,11,6,28,17,45,29,26
ENSG00000037749,4238,MFAP3,MFAP3,8,6,1,7,7,2,6,7,6,12,14,20
ENSG00000037757,84245,MRI1,MRI1,36,46,72,59,23,50,50,40,44,46,64,73
ENSG00000037897,4234,METTL1,METTL1,55,37,29,25,56,13,27,51,26,42,26,20
ENSG00000037965,3224,HOXC8,HOXC8,16,21,39,16,55,20,3,16,12,13,30,15
ENSG00000038002,175,AGA,AGA,3,6,23,24,8,11,6,7,7,20,27,4
ENSG00000038210,285540,PI4K2B,PI4K2B,11,48,7,9,3,12,22,13,10,13,9,21
ENSG00000038219,259282,BOD1L1,BOD1L1,1,12,16,27,5,17,8,3,34,21,15,37
ENSG00000038274,27430,MAT2B,MAT2B,4,8,24,11,7,5,4,5,3,8,2,7
ENSG00000038295,7092,TLL1,TLL1,23,26,18,27,21,40,35,12,16,47,17,15
ENSG00000038358,23644,EDC4,EDC4,4,0,0,3,3,3,1,3,0,4,11,1
ENSG00000038382,7204,TRIO,TRIO,10,5,10,14,8,0,3,6,6,9,8,6
ENSG00000038427,1462,VCAN,VCAN,6,9,20,2,21,10,9,23,3,14,27,9
ENSG00000038532,23274,CLEC16A,CLEC16A,18,4,0,12,2,13,13,5,6,6,15,19
ENSG00000038945,4481,MSR1,MSR1,20,20,12,27,48,39,22,69,32,48,25,87
ENSG00000039068,999,CDH1,CDH1,218,149,130,273,142,83,141,225,140,279,104,373
ENSG00000039123,23517,SKIV2L2,SKIV2L2,53,34,54,45,24,29,30,31,33,17,35,39
ENSG00000039139,1767,DNAH5,DNAH5,75,79,73,48,46,66,64,54,49,52,43,127
ENSG00000039319,9765,ZFYVE16,ZFYVE16,29,12,25,22,21,52,24,51,23,17,7,17
ENSG00000039523,79567,FAM65A,FAM65A,4,40,8,5,0,7,11,18,7,8,19,11
ENSG00000039537,729,C6,C6,7,11,6,2,4,4,1,2,3,1,0,9
ENSG00000039560,26064,RAI14,RAI14,43,42,42,32,21,45,59,83,29,77,40,114
ENSG00000039600,11063,SOX30,SOX30,3,0,7,5,0,3,2,15,2,4,3,0
ENSG00000039650,11284,PNKP,PNKP,4,0,0,0,4,4,6,2,3,0,4,2
ENSG00000039987,54831,BEST2,BEST2,1,0,0,5,2,1,8,1,3,5,6,0
ENSG00000040199,23035,PHLPP2,PHLPP2,20,44,23,38,43,59,19,19,20,46,54,74
ENSG00000040275,54908,SPDL1,SPDL1,24,50,14,26,3,29,10,16,20,40,38,53
ENSG00000040341,27067,STAU2,STAU2,22,28,66,16,38,13,30,37,61,13,61,36
ENSG00000040487,54896,PQLC2,PQLC2,2,16,11,3,10,15,20,14,11,7,7,14
ENSG00000040531,1497,CTNS,CTNS,10,3,10,7,2,25,8,13,9,9,13,14
ENSG00000040608,65078,RTN4R,RTN4R,26,57,97,79,56,66,87,76,82,126,100,15
ENSG00000040633,79142,PHF23,PHF23,2,7,4,2,9,2,0,7,2,20,7,10
ENSG00000040731,1008,CDH10,CDH10,63,14,64,38,34,67,20,38,31,33,50,64
ENSG00000040933,3631,INPP4A,INPP4A,39,15,14,44,49,20,21,27,9,36,5,25
ENSG00000041353,5874,RAB27B,RAB27B,6,4,15,4,10,0,1,5,2,2,0,2
ENSG00000041357,5685,PSMA4,PSMA4,14,15,16,10,25,30,41,9,15,10,22,27
ENSG00000041515,23026,MYO16,MYO16,26,29,27,46,17,9,70,78,22,29,39,12
ENSG00000041802,55341,LSG1,LSG1,8,9,4,7,10,15,13,9,6,16,9,1
ENSG00000041880,10039,PARP3,PARP3,11,31,11,13,9,5,12,6,5,6,7,21
ENSG00000041982,3371,TNC,TNC,0,0,0,0,0,0,0,0,3,0,0,7
ENSG00000041988,90326,THAP3,THAP3,36,16,34,33,15,36,42,15,26,33,29,51
ENSG00000042062,140876,FAM65C,FAM65C,3,0,2,7,1,0,4,3,6,4,5,21
ENSG00000042088,55775,TDP1,TDP1,71,109,71,79,58,131,70,86,79,61,53,31
ENSG00000042286,84883,AIFM2,AIFM2,7,1,14,7,1,2,11,8,2,10,11,5
ENSG00000042304,56918,C2orf83,C2orf83,16,52,58,69,32,39,48,31,44,28,24,18
ENSG00000042317,55812,SPATA7,SPATA7,4,10,1,0,0,1,2,3,7,0,0,6
ENSG00000042429,9440,MED17,MED17,27,27,9,8,13,26,55,62,13,80,30,17
ENSG00000042445,54884,RETSAT,RETSAT,12,9,4,6,15,3,14,10,16,7,5,4
ENSG00000042493,822,CAPG,CAPG,90,201,156,74,111,41,87,136,82,92,145,79
ENSG00000042753,1175,AP2S1,AP2S1,46,24,35,12,17,23,24,31,25,64,22,23
ENSG00000042781,7399,USH2A,USH2A,272,205,336,199,164,94,233,125,279,260,220,268
ENSG00000042813,11055,ZPBP,ZPBP,180,463,326,329,263,403,264,414,317,550,209,714
ENSG00000042832,7038,TG,TG,1,11,16,5,9,4,13,26,19,11,6,20
ENSG00000042980,10863,ADAM28,ADAM28,31,33,28,63,33,11,73,39,60,15,17,65
ENSG00000043039,8538,BARX2,BARX2,10,36,59,52,45,48,41,46,36,57,35,7
ENSG00000043093,54165,DCUN1D1,DCUN1D1,322,681,371,479,367,371,488,513,405,467,327,425
ENSG00000043143,23338,JADE2,JADE2,50,108,147,178,76,40,83,92,170,182,122,76
ENSG00000043355,7546,ZIC2,ZIC2,33,31,29,16,51,39,88,69,64,42,51,57
ENSG00000043462,3937,LCP2,LCP2,30,4,28,39,23,58,27,17,13,13,39,34
ENSG00000043514,54802,TRIT1,TRIT1,0,0,0,1,0,0,0,0,0,1,0,0
ENSG00000043591,153,ADRB1,ADRB1,125,137,87,68,92,69,129,78,114,65,139,124
ENSG00000044012,2981,GUCA2B,GUCA2B,65,70,82,82,81,80,26,46,77,73,86,82
ENSG00000044090,9820,CUL7,CUL7,14,6,34,17,19,17,25,12,17,10,27,5
ENSG00000044115,1495,CTNNA1,CTNNA1,6,3,16,7,19,26,1,3,5,11,10,9
ENSG00000044446,5256,PHKA2,PHKA2,30,26,20,15,16,30,40,12,12,15,11,31
ENSG00000044459,54875,CNTLN,CNTLN,69,72,47,160,101,145,105,67,109,84,53,27
ENSG00000044524,2042,EPHA3,EPHA3,56,31,23,21,35,3,6,17,30,17,13,20
ENSG00000044574,3309,HSPA5,HSPA5,17,21,30,26,46,30,20,24,24,26,44,20
ENSG00000046604,1829,DSG2,DSG2,1,0,0,2,1,0,0,0,2,2,0,8
ENSG00000046647,54960,GEMIN8,GEMIN8,1,2,2,12,6,4,0,0,5,1,0,2
ENSG00000046651,8481,OFD1,OFD1,51,157,127,228,129,117,58,37,60,116,147,59
ENSG00000046653,2824,GPM6B,GPM6B,20,10,26,12,47,29,19,50,15,27,16,20
ENSG00000046774,51438,MAGEC2,MAGEC2,5,3,14,3,6,6,11,5,2,5,1,1
ENSG00000046889,80243,PREX2,PREX2,121,159,130,148,122,205,124,88,216,74,166,132
ENSG00000047056,22884,WDR37,WDR37,7,7,18,6,11,12,2,3,4,4,0,1
ENSG00000047188,64848,YTHDC2,YTHDC2,8,4,4,0,3,24,0,0,7,4,3,0
ENSG00000047230,56474,CTPS2,CTPS2,26,27,40,32,29,4,13,13,6,17,24,32
ENSG00000047249,51606,ATP6V1H,ATP6V1H,20,12,20,13,21,16,15,5,12,16,4,18
ENSG00000047315,5431,POLR2B,POLR2B,1,0,0,2,0,2,5,8,8,3,1,13
ENSG00000047346,56204,FAM214A,FAM214A,14,14,7,3,16,10,8,7,2,9,0,7
ENSG00000047365,101928667,ARAP2,ARAP2,532,223,205,428,302,400,247,322,300,220,495,284
ENSG00000047410,7175,TPR,TPR,22,58,35,61,75,27,18,42,18,42,76,26
ENSG00000047457,1356,CP,CP,144,278,168,181,157,192,270,157,120,183,162,163
ENSG00000047578,23247,KIAA0556,KIAA0556,20,43,11,40,64,14,59,17,39,16,57,50
ENSG00000047579,84062,DTNBP1,DTNBP1,21,17,9,16,3,7,13,0,14,17,10,25
ENSG00000047597,7504,XK,XK,4,7,4,10,4,5,2,13,8,3,3,25
ENSG00000047617,57101,ANO2,ANO2,1040,195,876,923,731,481,458,769,655,911,574,826
ENSG00000047621,57102,C12orf4,C12orf4,0,0,5,9,13,3,0,10,29,14,5,2
ENSG00000047634,6322,SCML1,SCML1,21,3,0,13,3,0,0,7,0,3,1,3
ENSG00000047644,55841,WWC3,WWC3,105,134,105,106,143,88,96,142,94,85,223,90
ENSG00000047648,395,ARHGAP6,ARHGAP6,19,3,12,7,12,13,16,10,11,12,3,15
ENSG00000047662,27146,FAM184B,FAM184B,24,37,66,25,28,26,22,47,38,33,69,89
ENSG00000047849,4134,MAP4,MAP4,12,18,27,19,35,46,43,60,40,55,25,38
ENSG00000047932,57120,GOPC,GOPC,15,12,9,5,9,31,21,5,9,15,4,26
ENSG00000047936,6098,ROS1,ROS1,45,33,21,34,11,91,46,71,38,55,189,31
ENSG00000048028,57646,USP28,USP28,96,168,60,80,93,65,89,98,78,125,149,105
ENSG00000048052,9734,HDAC9,HDAC9,11,7,21,4,28,11,53,25,17,20,47,29
ENSG00000048140,26262,TSPAN17,TSPAN17,76,108,53,51,222,149,75,71,75,91,64,108
ENSG00000048162,51491,NOP16,NOP16,67,22,98,53,83,60,74,180,54,86,79,89
ENSG00000048342,57545,CC2D2A,CC2D2A,1,0,17,3,0,2,0,1,0,11,2,0
ENSG00000048392,50484,RRM2B,RRM2B,347,399,371,449,543,283,596,608,283,430,360,300
ENSG00000048405,168850,ZNF800,ZNF800,23,14,38,52,26,23,51,7,21,23,28,29
ENSG00000048462,608,TNFRSF17,TNFRSF17,6,10,16,16,19,5,14,5,3,39,10,10
ENSG00000048471,101929304,SNX29,SNX29,26,56,20,35,49,36,43,39,23,64,59,40
ENSG00000048540,55885,LMO3,LMO3,2,1,0,5,9,0,0,1,0,2,0,3
ENSG00000048544,55173,MRPS10,MRPS10,71,17,31,12,21,16,12,13,74,48,28,36
ENSG00000048545,2978,GUCA1A,GUCA1A,1,8,5,0,3,1,6,4,7,0,2,3
ENSG00000048649,51773,RSF1,RSF1,7,1,0,0,0,0,0,0,0,0,3,0
ENSG00000048707,55187,VPS13D,VPS13D,54,36,116,181,153,161,72,53,132,132,41,161
ENSG00000048740,10659,CELF2,CELF2,143,57,85,76,54,95,69,62,92,56,79,60
ENSG00000048828,23196,FAM120A,FAM120A,0,0,0,0,0,6,0,0,9,0,1,25
ENSG00000048991,23518,R3HDM1,R3HDM1,35,15,49,40,23,35,28,52,20,13,67,22
ENSG00000049089,1298,COL9A2,COL9A2,0,0,0,5,0,1,0,0,1,0,0,6
ENSG00000049130,4254,KITLG,KITLG,21,49,60,59,45,52,37,44,65,31,40,48
ENSG00000049167,1161,ERCC8,ERCC8,303,236,218,237,277,250,164,336,322,541,304,426
ENSG00000049192,11174,ADAMTS6,ADAMTS6,6,5,1,0,10,0,0,1,0,0,13,0
ENSG00000049239,9563,H6PD,H6PD,12,24,9,48,11,3,1,16,8,3,16,3
ENSG00000049245,9341,VAMP3,VAMP3,30,21,19,25,16,16,54,67,17,36,33,13
ENSG00000049246,8863,PER3,PER3,8,4,4,9,4,9,16,0,1,4,0,21
ENSG00000049247,10911,UTS2,UTS2,329,315,181,339,303,283,246,123,168,201,153,171
ENSG00000049249,3604,TNFRSF9,TNFRSF9,1,14,5,16,6,3,28,13,9,18,5,11
ENSG00000049283,55040,EPN3,EPN3,1,1,2,0,6,5,11,0,7,6,20,1
ENSG00000049319,NA,SRD5A2,SRD5A2,99,44,77,82,75,114,57,62,173,90,85,86
ENSG00000049323,4052,LTBP1,LTBP1,13,9,10,14,24,14,34,17,61,20,21,6
ENSG00000049449,440034,RCN1,RCN1,116,41,33,107,52,67,36,51,49,48,102,88
ENSG00000049540,2006,ELN,ELN,1,1,3,0,2,4,1,3,1,0,0,2
ENSG00000049541,5982,RFC2,RFC2,0,0,0,1,0,1,1,2,10,4,1,0
ENSG00000049618,57492,ARID1B,ARID1B,0,6,3,1,0,0,1,1,14,4,3,0
ENSG00000049656,81037,CLPTM1L,CLPTM1L,30,83,64,58,8,53,24,43,20,63,15,36
ENSG00000049759,23327,NEDD4L,NEDD4L,0,0,11,0,11,14,4,3,5,1,2,4
ENSG00000049768,50943,FOXP3,FOXP3,5,4,29,6,5,9,2,11,12,3,29,27
ENSG00000049769,89801,PPP1R3F,PPP1R3F,109,130,85,77,38,44,48,54,87,59,44,88
ENSG00000049860,3074,HEXB,HEXB,0,7,18,8,16,4,3,0,1,10,4,7
ENSG00000049883,79810,PTCD2,PTCD2,38,84,94,122,74,75,51,43,75,82,118,62
ENSG00000050030,340533,KIAA2022,KIAA2022,16,9,9,18,27,10,5,20,13,13,4,15
ENSG00000050130,51528,JKAMP,JKAMP,9,11,15,13,14,13,1,11,13,2,6,23
ENSG00000050165,27122,DKK3,DKK3,40,28,20,15,35,48,38,38,22,23,18,28
ENSG00000050327,7984,ARHGEF5,ARHGEF5,15,47,19,46,48,22,58,38,48,72,28,27
ENSG00000050344,9603,NFE2L3,NFE2L3,0,0,1,1,0,0,0,0,1,0,0,0
ENSG00000050393,63933,MCUR1,MCUR1,8,2,3,4,10,12,17,1,6,1,14,15
ENSG00000050405,51474,LIMA1,LIMA1,7,6,8,32,17,11,20,16,14,14,9,30
ENSG00000050426,25875,LETMD1,LETMD1,5,47,11,4,18,34,31,11,5,8,20,18
ENSG00000050438,9498,SLC4A8,SLC4A8,83,98,49,47,57,81,56,150,120,104,75,63
ENSG00000050555,10319,LAMC3,LAMC3,355,262,295,421,321,295,467,319,245,318,285,196
ENSG00000050628,5733,PTGER3,PTGER3,34,13,13,17,18,14,25,4,21,8,0,26
ENSG00000050730,79931,TNIP3,TNIP3,131,147,231,175,150,227,175,81,84,121,136,186
ENSG00000050748,5601,MAPK9,MAPK9,0,8,0,1,0,3,4,0,0,0,1,0
ENSG00000050767,91522,COL23A1,COL23A1,22,4,23,22,19,40,12,19,25,22,12,15
ENSG00000050820,9564,BCAR1,BCAR1,17,4,3,10,2,4,20,2,3,18,16,5
ENSG00000051009,84067,FAM160A2,FAM160A2,87,89,30,38,62,128,44,93,39,85,30,58
ENSG00000051108,9709,HERPUD1,HERPUD1,112,68,61,124,81,67,118,64,53,67,65,68
ENSG00000051128,9454,HOMER3,HOMER3,4,5,13,6,0,3,6,8,5,3,19,7
ENSG00000051180,5888,RAD51,RAD51,34,3,1,1,13,0,0,25,9,4,0,7
ENSG00000051341,10721,POLQ,POLQ,17,17,2,14,3,15,43,3,4,11,19,3
ENSG00000051382,5291,PIK3CB,PIK3CB,10,0,0,21,4,6,7,5,1,19,3,23
ENSG00000051523,1535,CYBA,CYBA,20,3,10,5,13,35,8,7,10,1,6,13
ENSG00000051596,84321,THOC3,THOC3,50,24,21,18,35,29,51,35,18,11,54,27
ENSG00000051620,23593,HEBP2,HEBP2,11,69,35,33,55,33,40,15,44,37,17,67
ENSG00000051825,10198,MPHOSPH9,MPHOSPH9,111,29,33,84,148,172,95,36,55,35,58,59
ENSG00000052126,54477,PLEKHA5,PLEKHA5,2,18,16,35,13,10,6,3,29,10,3,4
ENSG00000052344,5652,PRSS8,PRSS8,13,0,10,5,2,4,13,3,3,6,6,5
ENSG00000052723,80143,SIKE1,SIKE1,5,2,7,29,12,1,20,14,16,2,5,7
ENSG00000052749,23223,RRP12,RRP12,27,90,24,56,47,104,17,137,56,37,51,42
ENSG00000052795,57600,FNIP2,FNIP2,20,20,26,18,25,45,23,8,34,21,25,22
ENSG00000052802,6307,MSMO1,MSMO1,12,10,12,37,31,4,16,26,16,19,28,17
ENSG00000052841,55761,TTC17,TTC17,8,24,46,19,19,5,14,6,8,33,6,34
ENSG00000052850,60529,ALX4,ALX4,20,0,8,1,16,4,3,2,17,9,8,6
ENSG00000053108,23105,FSTL4,FSTL4,38,50,21,34,30,20,31,56,34,78,37,26
ENSG00000053254,1112,FOXN3,FOXN3,24,1,26,7,11,5,5,3,9,8,28,15
ENSG00000053328,728464,METTL24,METTL24,3,4,13,3,16,13,7,1,8,9,11,2
ENSG00000053371,8574,AKR7A2,AKR7A2,13,9,8,5,10,24,3,0,7,7,7,5
ENSG00000053372,51154,MRTO4,MRTO4,12,17,3,8,11,10,5,7,8,4,16,5
ENSG00000053438,4826,NNAT,NNAT,30,35,5,4,7,21,2,4,17,0,1,10
ENSG00000053501,55850,USE1,USE1,41,6,26,12,11,6,26,3,19,4,19,20
ENSG00000053524,23101,MCF2L2,MCF2L2,6,2,3,2,2,9,8,2,9,7,3,8
ENSG00000053702,83714,NRIP2,NRIP2,8,25,7,19,12,19,21,4,13,11,0,4
ENSG00000053747,3909,LAMA3,LAMA3,4,8,2,2,1,1,11,3,8,0,12,13
ENSG00000053770,55745,AP5M1,AP5M1,22,44,53,53,22,11,15,33,24,20,35,43
ENSG00000053900,29945,ANAPC4,ANAPC4,75,45,126,46,82,90,96,80,35,103,104,63
ENSG00000053918,3784,KCNQ1,KCNQ1,25,22,33,39,60,67,72,45,34,74,58,74
ENSG00000054116,27095,TRAPPC3,TRAPPC3,4,0,2,2,2,0,1,1,0,5,6,2
ENSG00000054118,9967,THRAP3,THRAP3,3,1,10,8,0,3,21,4,2,5,0,0
ENSG00000054148,29085,PHPT1,PHPT1,2,0,0,1,0,0,0,2,2,5,0,2
ENSG00000054179,954,ENTPD2,ENTPD2,2,2,5,5,0,0,0,0,2,15,4,1
ENSG00000054219,100526664,LY75,LY75,17,12,9,14,26,18,18,18,18,41,17,22
ENSG00000054267,51742,ARID4B,ARID4B,10,12,11,1,4,6,14,2,0,9,8,22
ENSG00000054277,23596,OPN3,OPN3,29,14,63,17,8,40,17,42,29,34,28,25
ENSG00000054282,10806,SDCCAG8,SDCCAG8,159,213,152,320,133,134,134,92,222,144,144,246
ENSG00000054356,5798,PTPRN,PTPRN,19,15,24,42,31,14,40,12,10,26,24,27
ENSG00000054392,55733,HHAT,HHAT,7,5,6,8,4,1,5,4,2,4,1,7
ENSG00000054523,23095,KIF1B,KIF1B,58,17,44,20,27,55,29,47,55,33,37,23
ENSG00000054598,2296,FOXC1,FOXC1,6,14,8,2,7,11,6,11,2,6,5,4
ENSG00000054611,25771,TBC1D22A,TBC1D22A,3,0,5,0,7,4,0,0,0,1,6,5
ENSG00000054654,23224,SYNE2,SYNE2,326,202,183,310,239,95,303,231,336,316,397,82
ENSG00000054690,57475,PLEKHH1,PLEKHH1,10,5,2,1,2,0,0,0,0,2,21,0
ENSG00000054793,10079,ATP9A,ATP9A,14,73,74,41,43,49,37,62,23,14,43,59
ENSG00000054796,23626,SPO11,SPO11,18,7,32,26,13,34,30,40,16,24,51,34
ENSG00000054803,140689,CBLN4,CBLN4,8,5,8,0,2,4,1,8,5,0,5,1
ENSG00000054938,25884,CHRDL2,CHRDL2,8,11,6,1,17,12,16,32,10,13,21,6
ENSG00000054965,23201,FAM168A,FAM168A,284,212,351,221,311,199,234,129,277,328,138,290
ENSG00000054967,84957,RELT,RELT,25,3,10,11,16,8,17,9,31,5,13,6
ENSG00000054983,2581,GALC,GALC,29,37,31,36,54,72,86,91,19,126,52,74
ENSG00000055044,51602,NOP58,NOP58,13,19,7,3,3,10,6,17,13,8,6,2
ENSG00000055070,26099,SZRD1,SZRD1,22,100,22,52,38,12,23,15,30,30,102,49
ENSG00000055118,3757,KCNH2,KCNH2,47,6,10,5,6,13,9,6,13,11,7,10
ENSG00000055130,8454,CUL1,CUL1,30,21,22,13,16,25,21,13,40,40,18,23
ENSG00000055147,10827,FAM114A2,FAM114A2,18,68,35,28,75,44,62,32,50,23,45,47
ENSG00000055163,26999,CYFIP2,CYFIP2,48,8,21,28,18,30,29,18,11,17,17,38
ENSG00000055208,23118,TAB2,TAB2,54,167,88,100,138,57,182,242,169,214,91,53
ENSG00000055211,116254,GINM1,GINM1,7,14,4,19,8,13,13,12,10,8,20,8
ENSG00000055332,5610,EIF2AK2,EIF2AK2,3,0,11,11,9,22,3,11,13,6,4,1
ENSG00000055483,57602,USP36,USP36,30,60,55,37,79,22,59,24,77,26,24,25
ENSG00000055609,58508,KMT2C,KMT2C,14,17,7,16,8,11,6,5,4,4,6,9
ENSG00000055732,55283,MCOLN3,MCOLN3,37,26,27,21,50,29,50,41,30,42,42,50
ENSG00000055813,114800,CCDC85A,CCDC85A,156,90,124,142,143,238,137,211,120,78,87,77
ENSG00000055917,23369,PUM2,PUM2,265,253,220,51,107,262,139,396,247,210,212,415
ENSG00000055950,84545,MRPL43,MRPL43,47,38,52,95,34,91,21,73,42,12,23,46
ENSG00000055955,3700,ITIH4,ITIH4,13,10,28,18,6,15,47,11,37,11,11,19
ENSG00000055957,3697,ITIH1,ITIH1,3,8,13,13,14,18,18,40,5,20,16,7
ENSG00000056050,54969,C4orf27,C4orf27,4,0,7,2,0,4,11,4,10,10,0,1
ENSG00000056097,51663,ZFR,ZFR,25,15,25,13,12,31,46,6,16,48,21,39
ENSG00000056277,55609,ZNF280C,ZNF280C,27,38,20,17,25,24,13,23,19,7,14,29
ENSG00000056291,10886,NPFFR2,NPFFR2,5,1,4,5,4,27,2,7,6,3,1,4
ENSG00000056487,112885,PHF21B,PHF21B,23,12,16,34,21,30,39,15,17,55,46,49
ENSG00000056558,7185,TRAF1,TRAF1,484,238,559,780,459,512,426,601,701,501,589,228
ENSG00000056586,54542,RC3H2,RC3H2,723,468,271,935,323,508,559,483,793,512,855,918
ENSG00000056661,7703,PCGF2,PCGF2,15,4,2,7,2,6,1,0,8,2,3,2
ENSG00000056678,3833,KIFC1,KIFC1,7,7,1,8,5,7,3,4,2,13,3,4
ENSG00000056736,55540,IL17RB,IL17RB,0,3,5,0,3,0,0,5,1,4,0,0
ENSG00000056972,10758,TRAF3IP2,TRAF3IP2,0,5,12,0,7,9,4,5,3,7,19,14
ENSG00000056998,8908,GYG2,GYG2,38,15,16,22,2,8,2,15,4,16,16,15
ENSG00000057019,131566,DCBLD2,DCBLD2,2,8,4,12,5,6,14,1,1,13,3,10
ENSG00000057149,6317,SERPINB3,SERPINB3,714,1484,1486,490,847,1821,1403,1638,979,647,1352,786
ENSG00000057252,6646,SOAT1,SOAT1,41,30,11,18,52,18,18,21,15,18,25,11
ENSG00000057294,5318,PKP2,PKP2,23,12,35,8,10,18,4,13,15,0,9,18
ENSG00000057468,4438,MSH4,MSH4,12,12,4,2,3,16,0,17,0,4,1,4
ENSG00000057593,2155,F7,F7,32,72,73,27,47,29,25,27,21,24,4,24
ENSG00000057608,2665,GDI2,GDI2,50,67,27,57,58,108,99,80,32,54,65,41
ENSG00000057657,639,PRDM1,PRDM1,49,90,27,77,46,78,73,25,128,26,42,33
ENSG00000057663,9474,ATG5,ATG5,72,116,102,112,187,109,133,126,216,150,46,203
ENSG00000057704,57458,TMCC3,TMCC3,19,4,47,35,54,18,14,28,25,13,31,34
ENSG00000057757,57095,PITHD1,PITHD1,3,15,9,1,3,4,5,26,2,5,4,2
ENSG00000057935,57504,MTA3,MTA3,14,35,16,15,16,30,25,16,27,43,18,25
ENSG00000058056,8975,USP13,USP13,204,243,185,190,268,130,92,208,135,187,132,232
ENSG00000058063,23200,ATP11B,ATP11B,24,15,22,5,7,30,28,57,20,29,8,10
ENSG00000058085,3918,LAMC2,LAMC2,19,23,51,40,68,73,59,16,46,56,75,127
ENSG00000058091,5218,CDK14,CDK14,0,2,2,8,3,0,0,9,2,4,3,0
ENSG00000058262,29927,SEC61A1,SEC61A1,1,3,1,11,22,11,12,10,9,1,8,2
ENSG00000058272,4659,PPP1R12A,PPP1R12A,121,108,209,149,65,152,83,67,111,113,61,80
ENSG00000058335,5923,RASGRF1,RASGRF1,17,25,23,10,2,3,5,18,1,9,33,9
ENSG00000058404,816,CAMK2B,CAMK2B,18,5,2,7,8,20,6,1,17,7,5,18
ENSG00000058453,9696,CROCC,CROCC,12,31,22,14,39,15,9,5,47,14,18,11
ENSG00000058600,101060521,POLR3E,POLR3E,24,19,103,48,42,82,65,76,78,30,76,55
ENSG00000058668,493,ATP2B4,ATP2B4,9,4,5,1,13,1,2,11,0,0,0,0
ENSG00000058673,441155,ZC3H11A,ZC3H11A,146,125,145,79,66,97,89,67,82,120,144,102
ENSG00000058729,55781,RIOK2,RIOK2,3,3,5,1,6,1,8,18,8,3,0,1
ENSG00000058799,54432,YIPF1,YIPF1,0,0,0,0,0,0,0,3,2,0,0,0
ENSG00000058804,55706,NDC1,NDC1,9,12,8,3,4,0,2,15,1,0,9,1
ENSG00000058866,1608,DGKG,DGKG,204,332,480,224,168,499,515,185,448,287,251,248
ENSG00000059122,84256,FLYWCH1,FLYWCH1,213,194,401,203,128,138,437,211,179,113,158,241
ENSG00000059145,64718,UNKL,UNKL,4,3,6,0,14,4,1,4,6,0,13,1
ENSG00000059377,6916,TBXAS1,TBXAS1,0,1,1,0,1,0,1,1,3,0,0,0
ENSG00000059378,64761,PARP12,PARP12,59,47,43,51,76,17,72,57,67,80,36,52
ENSG00000059573,5832,ALDH18A1,ALDH18A1,9,1,9,2,6,9,0,0,6,7,2,2
ENSG00000059588,6894,TARBP1,TARBP1,439,169,403,367,332,246,338,432,244,247,189,257
ENSG00000059691,5188,PET112,PET112,1,6,3,1,7,3,7,3,4,19,2,8
ENSG00000059728,4084,MXD1,MXD1,2,0,0,0,0,7,6,0,3,0,8,5
ENSG00000059758,5128,CDK17,CDK17,57,10,27,29,3,23,14,8,11,11,15,15
ENSG00000059769,552891,DNAJC25,DNAJC25,24,86,35,66,36,21,34,46,26,83,46,54
ENSG00000059804,6515,SLC2A3,SLC2A3,40,66,39,38,108,26,103,69,96,41,73,43
ENSG00000059915,5662,PSD,PSD,20,8,5,20,23,16,27,9,13,14,14,9
ENSG00000060069,9150,CTDP1,CTDP1,26,1,0,9,10,1,1,0,3,1,4,3
ENSG00000060138,8531,YBX3,YBX3,7,8,19,1,21,27,16,21,41,20,9,15
ENSG00000060140,55359,STYK1,STYK1,78,134,111,62,79,70,104,67,126,143,85,94
ENSG00000060237,65125,WNK1,WNK1,32,20,41,22,22,19,8,12,1,16,54,18
ENSG00000060303,NA,RPS17P5,RPS17P5,29,22,90,50,45,11,38,55,14,14,32,67
ENSG00000060339,55749,CCAR1,CCAR1,425,204,229,343,139,274,213,89,277,263,244,128
ENSG00000060491,11054,OGFR,OGFR,4,1,43,5,5,17,2,22,10,0,14,9
ENSG00000060558,2769,GNA15,GNA15,15,28,39,17,27,79,59,17,41,55,28,43
ENSG00000060566,84699,CREB3L3,CREB3L3,121,91,132,93,137,82,147,126,105,190,128,83
ENSG00000060642,55650,PIGV,PIGV,16,4,4,8,5,21,25,4,1,2,9,1
ENSG00000060656,10076,PTPRU,PTPRU,19,19,8,20,13,11,5,26,3,22,11,16
ENSG00000060688,9410,SNRNP40,SNRNP40,10,2,3,11,2,0,5,2,9,5,8,1
ENSG00000060709,23504,RIMBP2,RIMBP2,42,37,29,39,11,25,25,42,22,33,35,23
ENSG00000060718,1301,COL11A1,COL11A1,12,7,4,23,2,17,10,16,16,24,6,16
ENSG00000060749,79832,QSER1,QSER1,12,5,11,4,8,17,2,5,1,4,0,12
ENSG00000060762,51660,MPC1,MPC1,0,0,0,0,2,0,2,1,0,0,0,0
ENSG00000060971,30,ACAA1,ACAA1,8,6,9,12,6,9,6,5,11,3,8,3
ENSG00000060982,586,BCAT1,BCAT1,47,47,61,66,81,39,79,57,33,17,18,145
ENSG00000061273,51564,HDAC7,HDAC7,100,140,109,115,101,100,134,127,162,84,165,115
ENSG00000061337,11178,LZTS1,LZTS1,3,18,9,8,8,11,18,4,11,0,34,9
ENSG00000061455,93166,PRDM6,PRDM6,12,37,36,49,70,49,46,22,45,16,38,22
ENSG00000061492,7478,WNT8A,WNT8A,16,5,16,7,10,25,22,30,4,6,2,6
ENSG00000061656,6676,SPAG4,SPAG4,122,78,61,148,112,130,67,74,112,81,93,88
ENSG00000061676,10787,NCKAP1,NCKAP1,32,75,51,20,61,71,78,120,75,32,37,90
ENSG00000061794,60488,MRPS35,MRPS35,157,153,358,282,283,220,197,181,212,275,344,285
ENSG00000061918,2983,GUCY1B3,GUCY1B3,39,10,23,33,54,23,9,9,23,21,18,26
ENSG00000061936,6433,SFSWAP,SFSWAP,245,169,239,136,110,117,231,218,141,84,202,140
ENSG00000061938,10188,TNK2,TNK2,9,20,23,10,8,31,14,22,11,34,28,28
ENSG00000061987,23041,MON2,MON2,11,8,3,0,15,10,0,7,26,4,6,4
ENSG00000062038,1001,CDH3,CDH3,45,33,50,28,33,23,32,61,11,32,25,18
ENSG00000062096,416,ARSF,ARSF,483,460,536,641,391,394,512,724,443,851,532,412
ENSG00000062194,65056,GPBP1,GPBP1,40,33,22,28,35,32,79,29,19,28,26,23
ENSG00000062282,84649,DGAT2,DGAT2,9,3,15,7,21,6,16,16,7,9,8,8
ENSG00000062370,7771,ZNF112,ZNF112,35,55,68,64,40,131,66,72,86,46,58,66
ENSG00000062485,1431,CS,CS,38,16,3,17,5,22,19,16,35,7,45,8
ENSG00000062524,4058,LTK,LTK,41,32,60,31,28,40,19,26,55,35,17,16
ENSG00000062582,64951,MRPS24,MRPS24,484,334,411,341,421,307,436,613,359,167,504,679
ENSG00000062598,63916,ELMO2,ELMO2,30,23,14,43,15,18,11,25,12,27,16,18
ENSG00000062650,23063,WAPAL,WAPAL,33,70,30,47,52,62,19,46,36,37,67,68
ENSG00000062716,406991,VMP1,VMP1,42,36,57,27,58,64,54,82,65,40,24,51
ENSG00000062725,10513,APPBP2,APPBP2,4,6,0,9,0,1,8,6,0,2,3,1
ENSG00000062822,5424,POLD1,POLD1,19,18,31,33,31,41,39,11,45,79,37,62
ENSG00000063015,124925,SEZ6,SEZ6,120,252,79,219,70,141,98,163,63,100,128,107
ENSG00000063046,1975,EIF4B,EIF4B,7,2,3,24,7,4,4,6,8,0,9,1
ENSG00000063127,28968,SLC6A16,SLC6A16,38,108,118,55,53,61,75,75,78,133,134,33
ENSG00000063169,29998,GLTSCR1,GLTSCR1,20,16,15,8,1,5,10,1,14,9,5,18
ENSG00000063176,56848,SPHK2,SPHK2,2,0,1,1,0,2,0,4,2,2,10,19
ENSG00000063177,6141,RPL18,RPL18,19,4,2,38,11,4,5,12,0,4,13,22
ENSG00000063180,770,CA11,CA11,0,1,1,1,1,1,2,3,1,1,5,5
ENSG00000063241,79763,ISOC2,ISOC2,4,12,4,13,3,1,7,1,6,1,6,0
ENSG00000063244,11338,U2AF2,U2AF2,15,11,23,7,36,12,4,8,19,11,19,3
ENSG00000063245,29924,EPN1,EPN1,3,25,24,3,11,8,15,14,18,23,27,30
ENSG00000063322,55588,MED29,MED29,33,30,51,16,50,25,32,16,44,20,34,28
ENSG00000063438,57491,AHRR,AHRR,22,31,7,9,18,14,10,21,28,25,23,6
ENSG00000063515,2928,GSC2,GSC2,7,1,3,1,2,0,11,1,0,4,0,4
ENSG00000063587,10838,ZNF275,ZNF275,135,230,117,257,82,67,54,105,111,171,155,135
ENSG00000063601,8776,MTMR1,MTMR1,23,9,12,6,19,10,17,13,21,6,15,2
ENSG00000063660,2817,GPC1,GPC1,11,19,0,2,4,0,1,3,2,2,7,12
ENSG00000063761,57143,ADCK1,ADCK1,3,8,16,0,9,2,2,6,12,0,1,6
ENSG00000063854,3029,HAGH,HAGH,13,29,27,14,16,20,23,5,17,27,9,12
ENSG00000063978,6047,RNF4,RNF4,1,1,0,0,13,2,8,0,0,6,2,2
ENSG00000064012,841,CASP8,CASP8,0,0,0,0,0,1,5,0,0,0,0,0
ENSG00000064042,22998,LIMCH1,LIMCH1,2,2,15,4,1,0,2,8,4,4,3,3
ENSG00000064102,55726,ASUN,ASUN,92,40,19,39,43,28,26,50,43,46,56,22
ENSG00000064115,51768,TM7SF3,TM7SF3,3,0,2,0,4,0,7,0,2,1,0,8
ENSG00000064195,1747,DLX3,DLX3,24,65,53,69,52,34,27,36,39,24,38,35
ENSG00000064199,53340,SPA17,SPA17,32,119,102,110,117,150,143,79,69,74,188,60
ENSG00000064201,10077,TSPAN32,TSPAN32,3,0,0,9,0,1,0,3,6,0,5,0
ENSG00000064205,8839,WISP2,WISP2,137,74,86,117,135,104,80,129,101,122,102,101
ENSG00000064218,58524,DMRT3,DMRT3,4,0,3,0,0,2,0,1,0,0,0,1
ENSG00000064225,10402,ST3GAL6,ST3GAL6,1,3,11,5,2,0,3,11,2,2,6,0
ENSG00000064270,9914,ATP2C2,ATP2C2,0,2,0,2,4,0,0,4,4,4,2,2
ENSG00000064300,4804,NGFR,NGFR,133,104,164,216,97,84,63,158,84,83,129,92
ENSG00000064309,50937,CDON,CDON,42,23,55,41,35,62,28,58,24,16,25,23
ENSG00000064313,6873,TAF2,TAF2,15,4,22,7,3,23,43,2,6,24,24,18
ENSG00000064393,28996,HIPK2,HIPK2,111,139,102,76,124,55,147,128,131,74,150,82
ENSG00000064419,23534,TNPO3,TNPO3,45,25,23,42,54,66,78,16,12,28,20,28
ENSG00000064489,729991,MEF2BNB-MEF2B,MEF2BNB-MEF2B,32,11,33,11,21,40,29,44,35,16,24,12
ENSG00000064490,8625,RFXANK,RFXANK,29,21,21,25,12,2,20,25,7,5,12,31
ENSG00000064545,54929,TMEM161A,TMEM161A,262,451,414,500,270,378,324,137,222,218,415,115
ENSG00000064547,9170,LPAR2,LPAR2,76,31,71,54,73,98,132,53,64,89,34,102
ENSG00000064601,5476,CTSA,CTSA,38,67,71,52,35,85,97,56,124,123,109,94
ENSG00000064607,10147,SUGP2,SUGP2,84,98,122,97,56,116,79,56,114,115,48,75
ENSG00000064651,6558,SLC12A2,SLC12A2,5,10,16,7,14,11,2,3,1,8,4,7
ENSG00000064652,28966,SNX24,SNX24,45,26,34,27,67,47,74,59,12,30,46,61
ENSG00000064655,2139,EYA2,EYA2,15,26,16,7,23,14,21,11,31,22,23,54
ENSG00000064666,1265,CNN2,CNN2,29,66,80,43,29,15,25,23,28,34,61,34
ENSG00000064687,10347,ABCA7,ABCA7,143,214,152,118,85,131,138,95,117,55,124,143
ENSG00000064692,9627,SNCAIP,SNCAIP,43,35,6,32,6,12,15,3,26,27,9,41
ENSG00000064703,11218,DDX20,DDX20,21,38,25,15,21,30,42,42,25,30,29,16
ENSG00000064726,53339,BTBD1,BTBD1,4,1,5,29,18,4,10,14,5,10,5,28
ENSG00000064763,55711,FAR2,FAR2,11,3,6,4,4,2,3,3,8,0,3,5
ENSG00000064787,8537,BCAS1,BCAS1,6,16,15,6,33,14,30,13,20,25,25,25
ENSG00000064835,5449,POU1F1,POU1F1,8,8,14,11,14,13,11,11,17,39,29,12
ENSG00000064886,1117,CHI3L2,CHI3L2,0,1,1,12,2,3,0,5,2,4,1,15
ENSG00000064932,22904,SBNO2,SBNO2,5,16,3,32,9,5,2,4,30,11,9,6
ENSG00000064933,5378,PMS1,PMS1,13,6,1,0,1,3,0,11,1,0,7,0
ENSG00000064961,10362,HMG20B,HMG20B,53,33,62,19,27,91,47,42,82,54,47,30
ENSG00000064989,10203,CALCRL,CALCRL,2,0,3,2,1,0,0,1,4,0,3,0
ENSG00000064995,6882,TAF11,TAF11,0,1,0,1,0,2,6,2,0,2,0,0
ENSG00000064999,23294,ANKS1A,ANKS1A,7,56,6,19,7,10,38,34,21,7,15,27
ENSG00000065000,8943,AP3D1,AP3D1,521,443,293,243,251,384,330,375,312,294,267,291
ENSG00000065029,7629,ZNF76,ZNF76,44,27,14,32,41,44,24,37,32,59,19,23
ENSG00000065054,9351,SLC9A3R2,SLC9A3R2,14,12,16,2,22,56,15,18,21,25,14,21
ENSG00000065057,4913,NTHL1,NTHL1,6,0,4,2,12,8,6,2,4,13,18,6
ENSG00000065060,54887,UHRF1BP1,UHRF1BP1,1,0,3,2,2,10,0,0,4,1,11,1
ENSG00000065135,2773,GNAI3,GNAI3,26,5,9,36,9,75,31,28,20,34,45,37
ENSG00000065150,3843,IPO5,IPO5,57,36,76,60,26,38,78,46,51,43,39,34
ENSG00000065154,4942,OAT,OAT,1,1,9,6,9,0,8,0,0,0,0,1
ENSG00000065183,10885,WDR3,WDR3,20,70,37,57,20,33,24,40,62,33,22,47
ENSG00000065243,5586,PKN2,PKN2,52,19,22,35,33,25,62,53,39,26,13,32
ENSG00000065268,57418,WDR18,WDR18,7,0,0,1,1,0,0,3,0,6,1,0
ENSG00000065308,9697,TRAM2,TRAM2,85,33,62,13,62,100,18,114,14,95,89,35
ENSG00000065320,9423,NTN1,NTN1,8,2,10,10,7,0,13,24,12,7,15,3
ENSG00000065325,9340,GLP2R,GLP2R,124,71,46,60,16,34,32,111,68,87,65,59
ENSG00000065328,55388,MCM10,MCM10,0,1,1,1,2,3,0,1,0,0,0,2
ENSG00000065357,1606,DGKA,DGKA,129,80,91,76,38,38,132,59,66,64,60,30
ENSG00000065361,2065,ERBB3,ERBB3,12,25,15,20,5,36,28,19,28,30,24,34
ENSG00000065371,54763,ROPN1,ROPN1,2,0,11,0,0,4,0,0,0,9,0,1
ENSG00000065413,91526,ANKRD44,ANKRD44,1,1,14,1,5,12,13,17,5,5,4,5
ENSG00000065427,3735,KARS,KARS,149,163,70,138,239,186,149,106,153,155,217,110
ENSG00000065457,23536,ADAT1,ADAT1,7,3,2,5,6,6,1,8,0,13,6,8
ENSG00000065485,102465667,PDIA5,PDIA5,77,54,54,27,76,39,43,42,12,37,30,31
ENSG00000065491,55633,TBC1D22B,TBC1D22B,16,3,17,6,12,10,6,36,17,3,9,9
ENSG00000065518,4710,NDUFB4,NDUFB4,8,1,4,0,4,7,3,4,14,15,2,3
ENSG00000065526,23013,SPEN,SPEN,93,15,60,73,49,47,39,52,26,75,67,90
ENSG00000065534,4638,MYLK,MYLK,56,50,33,60,62,74,52,36,75,82,126,11
ENSG00000065548,55854,ZC3H15,ZC3H15,135,126,116,75,121,59,74,94,50,191,109,66
ENSG00000065559,6416,MAP2K4,MAP2K4,136,55,76,61,123,92,45,78,93,77,66,113
ENSG00000065600,55248,TMEM206,TMEM206,0,0,1,2,5,3,1,5,0,5,16,0
ENSG00000065609,9892,SNAP91,SNAP91,30,19,19,21,32,14,9,36,15,41,14,37
ENSG00000065613,9748,SLK,SLK,3,3,6,1,2,1,0,3,8,3,4,6
ENSG00000065615,51167,CYB5R4,CYB5R4,17,0,7,4,3,8,7,23,3,12,8,33
ENSG00000065618,1308,COL17A1,COL17A1,6,19,13,10,17,9,21,8,4,20,5,12
ENSG00000065621,119391,GSTO2,GSTO2,170,212,359,125,211,79,346,120,340,182,292,314
ENSG00000065665,55176,SEC61A2,SEC61A2,12,50,87,33,25,28,73,43,26,50,40,37
ENSG00000065675,5588,PRKCQ,PRKCQ,5,21,28,24,19,18,16,27,60,11,12,16
ENSG00000065717,7089,TLE2,TLE2,12,4,5,8,14,20,17,6,3,2,7,5
ENSG00000065802,51665,ASB1,ASB1,24,26,17,25,25,12,12,14,24,8,32,28
ENSG00000065809,83641,FAM107B,FAM107B,1,5,2,4,8,2,5,16,0,1,7,1
ENSG00000065833,4199,ME1,ME1,7,7,15,26,7,5,41,14,9,3,21,24
ENSG00000065882,23216,TBC1D1,TBC1D1,35,49,35,80,94,66,40,44,73,54,64,87
ENSG00000065883,8621,CDK13,CDK13,0,0,3,0,2,0,0,0,0,1,0,0
ENSG00000065911,10797,MTHFD2,MTHFD2,67,42,79,69,21,29,43,51,47,41,48,127
ENSG00000065923,84679,SLC9A7,SLC9A7,86,123,98,6,47,56,44,114,51,42,25,68
ENSG00000065970,55810,FOXJ2,FOXJ2,0,1,0,5,0,5,1,7,1,0,0,6
ENSG00000065978,4904,YBX1,YBX1,51,59,104,36,121,54,76,29,72,50,79,55
ENSG00000065989,5141,PDE4A,PDE4A,26,26,19,27,8,8,6,9,29,9,6,15
ENSG00000066027,5525,PPP2R5A,PPP2R5A,0,0,0,1,0,2,1,0,0,1,0,0
ENSG00000066032,1496,CTNNA2,CTNNA2,1,4,12,9,15,6,13,9,25,3,15,23
ENSG00000066044,1994,ELAVL1,ELAVL1,103,39,42,29,18,11,70,18,33,43,72,33
ENSG00000066056,7075,TIE1,TIE1,12,1,3,3,13,8,3,2,5,3,3,9
ENSG00000066084,57609,DIP2B,DIP2B,149,102,94,167,141,96,142,146,108,126,52,119
ENSG00000066117,6602,SMARCD1,SMARCD1,44,26,52,51,54,28,20,110,10,151,41,79
ENSG00000066135,9682,KDM4A,KDM4A,6,7,12,3,10,6,17,23,14,1,8,8
ENSG00000066136,4802,NFYC,NFYC,39,25,7,22,27,58,10,15,35,35,24,6
ENSG00000066185,84217,ZMYND12,ZMYND12,3,5,20,3,13,2,10,6,12,2,0,0
ENSG00000066230,6550,SLC9A3,SLC9A3,328,368,409,158,534,319,270,298,297,261,248,216
ENSG00000066248,25791,NGEF,NGEF,38,26,61,40,58,37,30,64,72,50,53,31
ENSG00000066279,259266,ASPM,ASPM,15,9,4,6,26,13,23,33,2,7,5,9
ENSG00000066294,8832,CD84,CD84,7,12,22,8,15,3,23,8,5,9,17,6
ENSG00000066322,102466723,ELOVL1,ELOVL1,74,234,161,123,126,137,203,230,137,227,98,326
ENSG00000066336,6688,SPI1,SPI1,9,2,2,0,8,1,4,4,0,5,5,3
ENSG00000066379,30834,ZNRD1,ZNRD1,55,89,90,64,46,91,96,93,190,147,146,133
ENSG00000066382,744,MPPED2,MPPED2,10,1,7,23,4,7,5,3,1,7,8,20
ENSG00000066405,51208,CLDN18,CLDN18,2,8,9,6,0,5,6,6,4,0,2,9
ENSG00000066422,27107,ZBTB11,ZBTB11,3,13,38,6,8,3,46,31,19,10,5,19
ENSG00000066427,4287,ATXN3,ATXN3,25,82,72,60,30,37,57,36,58,18,72,19
ENSG00000066455,9950,GOLGA5,GOLGA5,8,7,7,12,8,7,14,3,3,12,20,1
ENSG00000066468,2263,FGFR2,FGFR2,916,1165,1141,730,1134,1106,886,837,699,1030,756,633
ENSG00000066557,55631,LRRC40,LRRC40,211,103,177,156,90,125,184,182,181,188,167,92
ENSG00000066583,51015,ISOC1,ISOC1,55,44,51,69,44,35,30,50,38,54,11,48
ENSG00000066629,2009,EML1,EML1,38,21,32,46,33,37,39,18,67,34,35,28
ENSG00000066651,60487,TRMT11,TRMT11,10,24,5,12,11,24,10,9,2,9,0,15
ENSG00000066654,55623,THUMPD1,THUMPD1,102,114,156,103,107,99,31,86,66,56,42,106
ENSG00000066697,91283,MSANTD3,MSANTD3,9,6,26,12,5,15,12,29,20,20,25,37
ENSG00000066735,26153,KIF26A,KIF26A,16,13,12,10,16,25,8,26,16,5,23,58
ENSG00000066739,55102,ATG2B,ATG2B,165,216,99,247,224,165,183,262,238,94,175,331
ENSG00000066777,10565,ARFGEF1,ARFGEF1,13,31,18,11,4,30,14,16,5,6,13,8
ENSG00000066813,348158,ACSM2B,ACSM2B,8,4,26,16,6,17,14,3,5,6,6,13
ENSG00000066827,57623,ZFAT,ZFAT,47,80,114,71,51,90,56,101,92,93,40,120
ENSG00000066855,9650,MTFR1,MTFR1,1,0,4,3,0,3,7,9,1,0,2,0
